month,variant,n_men,n_women,ratio,obs_25,exp_25,pct_25,pct_lo_25,pct_hi_25,obs_100,exp_100,pct_100,pct_lo_100,pct_hi_100,obs_1000,exp_1000,pct_1000,pct_lo_1000,pct_hi_1000,obs_10,exp_10,pct_10,pct_lo_10,pct_hi_10,date
2015-07,all_active,112657,11812,9.537504232983407,235.48000000000002,112.2800000000002,47.681331747919224,32.7649906573806,63.22999830134199,259.05999999999995,146.11000000000013,56.400061761754095,47.335366324403665,66.15523430865443,346.84699999999975,226.18650000000002,65.2121828933219,61.78495128976186,68.71934887717057,,,,,,2015-07-01
2015-07,elite2000,30267,1485,20.381818181818183,235.48000000000002,160.48000000000002,68.15016137251571,50.65398335315109,85.54484457278733,259.05999999999995,209.7900000000002,80.98123986721232,70.69269667258547,91.02148151007498,,,,,,223.4000000000001,136.39999999999986,61.05640107430609,35.98478066248884,84.87242614145025,2015-07-01
2015-08,all_active,114104,12080,9.44569536423841,236.15999999999985,112.16000000000008,47.49322493224938,31.520579268292536,63.093241869918735,259.94000000000005,145.55500000000006,55.99561437254752,46.37185504347154,65.9076132953759,345.6550000000002,225.3420000000001,65.19274999638367,61.70884263210416,68.6764982424671,,,,,,2015-08-01
2015-08,elite2000,30351,1496,20.288101604278076,236.15999999999985,160.67999999999984,68.03861788617883,50.997628726287324,85.53692411924125,259.94000000000005,210.18499999999995,80.85904439486032,70.59263676232975,91.06332230514734,,,,,,227.39999999999964,137.0,60.246262093227884,36.89094107299922,83.68513632365875,2015-08-01
2015-09,all_active,115774,12331,9.388857351390804,247.8399999999997,112.8599999999999,45.5374435119432,31.035345384118855,60.104502905100155,265.99000000000024,146.19499999999994,54.9625925786683,45.360727846911445,64.19837211925264,347.5189999999998,224.23199999999997,64.52366633191282,60.98418359859471,67.96120499886338,,,,,,2015-09-01
2015-09,elite2000,30374,1473,20.62050237610319,247.8399999999997,163.4000000000001,65.92963202065862,49.3697546804391,82.42616204002583,265.99000000000024,212.2449999999999,79.79435317117174,69.39715778788677,89.72903116658516,,,,,,244.5,139.89999999999986,57.21881390593041,34.60020449897765,78.24233128834346,2015-09-01
2015-10,all_active,117020,12442,9.405240315061887,248.5600000000004,111.59999999999991,44.89861602832303,29.819359510782196,60.026150627614896,266.3599999999997,145.5150000000001,54.63095059318226,45.29199204084715,64.11257320919064,347.4459999999999,224.5424999999998,64.6265894556276,61.25871358426931,67.893579146112,,,,,,2015-10-01
2015-10,elite2000,30380,1485,20.457912457912457,248.5600000000004,162.44000000000005,65.35242999678138,49.11369488252323,80.96355004827805,266.3599999999997,211.57999999999993,79.43384892626527,69.5786717224809,88.68955548881226,,,,,,244.0,137.0999999999999,56.1885245901639,34.38422131147545,76.2725409836067,2015-10-01
2015-11,all_active,118076,12598,9.372598825210352,245.44000000000005,112.31999999999971,45.762711864406654,31.305410691003782,60.87108865710563,265.40999999999985,146.45499999999993,55.18066387852757,45.755529181266766,64.86680984137764,348.08899999999994,223.82850000000008,64.30208940816863,60.953463051116245,67.80337068967997,,,,,,2015-11-01
2015-11,elite2000,30464,1491,20.431924882629108,245.44000000000005,162.03999999999996,66.02020860495433,49.03846153846158,82.09012385919165,265.40999999999985,211.79999999999995,79.80106250706457,69.95572887231083,89.65006970347771,,,,,,236.80000000000018,132.19999999999982,55.82770270270259,33.65603885135125,77.28040540540535,2015-11-01
2015-12,all_active,119558,12852,9.302676626206038,245.03999999999996,110.68000000000029,45.16813581456101,30.0195886385896,59.631080639895494,264.9000000000001,144.57999999999993,54.57908644771607,45.04596073990181,63.915251038127565,347.8180000000002,222.95949999999993,64.10234662955908,60.67162999039725,67.58506604028537,,,,,,2015-12-01
2015-12,elite2000,30562,1481,20.63605671843349,245.03999999999996,161.55999999999995,65.93209271955598,48.64471106758092,81.76705843943834,264.9000000000001,211.36000000000013,79.7885994714987,69.63372970932427,89.30955077387688,,,,,,234.0,132.0,56.41025641025641,34.40064102564103,76.6677350427349,2015-12-01
2016-01,all_active,121541,13070,9.299234889058914,247.4000000000001,110.72000000000025,44.75343573160882,30.201697655618336,58.965642683912534,264.6199999999999,143.77999999999975,54.33451742120769,45.389142921925846,63.62434812183515,347.88599999999997,222.88049999999998,64.06710819061416,60.631320317575266,67.47332459483854,,,,,,2016-01-01
2016-01,elite2000,30619,1489,20.56346541302888,247.4000000000001,161.8599999999999,65.42441390460786,48.97291835084893,81.98908649959583,264.6199999999999,209.66499999999996,79.23248431713402,69.50334441841136,89.26394452422346,,,,,,236.5,132.4000000000001,55.98308668076114,34.164904862579164,77.04016913319232,2016-01-01
2016-02,all_active,123260,13317,9.255838402042501,246.72000000000025,110.36000000000013,44.73086900129702,30.446660181582462,59.03331712062264,265.1500000000001,144.01499999999987,54.31453894022245,45.12530643032232,63.82434471054101,347.8919999999998,222.08399999999983,63.83705287847952,60.48945506076598,67.32693623308383,,,,,,2016-02-01
2016-02,elite2000,30704,1493,20.565304755525787,246.72000000000025,161.43999999999983,65.4345006485083,48.68555447470808,81.8097438391699,265.1500000000001,210.87999999999988,79.53234018480099,69.77475014142944,89.4366396379407,,,,,,235.69999999999982,131.19999999999982,55.663979635129365,34.534365719134556,76.49660585490044,2016-02-01
2016-03,all_active,124873,13499,9.250537076820505,244.48000000000002,109.98000000000002,44.98527486910995,30.054401178010476,59.801210732984224,262.6399999999999,143.36499999999978,54.58612549497405,45.30878769418217,63.76818077977463,347.0250000000001,221.82100000000014,63.920754988833686,60.45817304228801,67.43816727901448,,,,,,2016-03-01
2016-03,elite2000,30682,1494,20.536813922356092,244.48000000000002,161.20000000000005,65.93586387434557,49.214659685863936,82.33025196335068,262.6399999999999,210.4300000000003,80.12107828205924,69.90547898263783,89.91518809016152,,,,,,233.79999999999973,132.5,56.67236954662111,34.6407185628743,78.22925577416609,2016-03-01
2016-04,all_active,127167,13756,9.244475138121548,244.6800000000003,109.40000000000009,44.71145986594735,30.04618276933133,59.948095471636286,263.74000000000024,143.385,54.366042314400495,45.2261697125956,63.84374763024172,347.6880000000001,222.00549999999998,63.85193046639513,60.43428303536496,67.38261746163224,,,,,,2016-04-01
2016-04,elite2000,30726,1486,20.676985195154778,244.6800000000003,161.44000000000005,65.98005558280197,48.7489782573157,81.9695111982997,263.74000000000024,210.7099999999998,79.89307651474923,69.82985136877208,89.41865094411152,,,,,,232.80000000000018,131.04999999999995,56.292955326460415,34.106529209622,77.44952749140896,2016-04-01
2016-05,all_active,128025,13818,9.265089014329137,248.7199999999998,110.66000000000008,44.49179800578971,30.250482470247608,58.99002894821482,267.6500000000001,144.56499999999983,54.01270315710808,44.800952736783046,63.180272744255504,348.2170000000001,222.6529999999998,63.94087594804382,60.55034647935044,67.42928978194621,,,,,,2016-05-01
2016-05,elite2000,30599,1473,20.77325186693822,248.7199999999998,161.98000000000002,65.12544226439375,49.35590221936309,82.26157928594407,267.6500000000001,211.51999999999998,79.02858210349333,69.57509807584522,89.05324117317403,,,,,,235.19999999999982,132.60000000000014,56.37755102040827,35.075467687074855,77.93473639455796,2016-05-01
2016-06,all_active,129325,14035,9.214463840399002,249.08000000000038,110.41999999999985,44.33113859001111,29.853460735506488,58.663883089770216,268.0799999999999,143.67000000000007,53.592211280214904,44.54640405849004,62.79272978215458,347.38700000000017,221.99099999999999,63.90308215333328,60.59794264034063,67.44018198723619,,,,,,2016-06-01
2016-06,elite2000,30547,1483,20.598111935266353,249.08000000000038,162.16000000000008,65.10358117873768,49.30142925967561,81.11570579733406,268.0799999999999,211.17000000000007,78.77126230975833,69.00514771709948,88.11940465532679,,,,,,238.80000000000018,132.4000000000001,55.44388609715243,34.21273031825804,76.71796482412047,2016-06-01
2016-07,all_active,130150,14084,9.240982675376314,251.32000000000016,112.25999999999999,44.66815215661305,30.144039471590066,58.826993474454724,268.6500000000001,144.98000000000002,53.96612693095104,44.489019169923665,62.852317141261814,347.25300000000016,222.86699999999996,64.18000708417202,60.78754539197643,67.56718444477087,,,,,,2016-07-01
2016-07,elite2000,30394,1488,20.426075268817204,251.32000000000016,162.20000000000027,64.53923285054917,48.20905618335181,81.49092790068441,268.6500000000001,210.49500000000012,78.35287548855389,68.88488739996272,88.43104410943593,,,,,,239.4000000000001,133.4000000000001,55.72263993316626,33.83145363408519,77.27861319966581,2016-07-01
2016-08,all_active,131494,14342,9.168456282247943,251.96000000000004,110.57999999999993,43.887918717256674,29.401095411970118,57.50277821876493,269.87999999999965,143.22000000000003,53.068030235660366,43.85384244849556,62.03877649325628,349.53999999999996,222.2974999999999,63.59715626251643,60.024038736625215,67.05328431653035,,,,,,2016-08-01
2016-08,elite2000,30331,1486,20.411170928667563,251.96000000000004,160.89999999999964,63.85934275281775,48.579139545959706,80.86997936180336,269.87999999999965,210.03999999999996,77.82718245146,68.29313028012457,87.87664888098419,,,,,,238.20000000000027,133.04999999999995,55.85642317380345,34.17296389588581,78.38056255247693,2016-08-01
2016-09,all_active,132451,14540,9.109422283356258,251.32000000000016,109.48000000000002,43.56199267865667,29.681282826675105,57.18645551488131,270.5999999999999,142.45499999999993,52.64412416851441,43.72468588322254,61.51164079822629,349.6120000000001,221.7745,63.434464492065466,59.960906662242664,66.8430717481094,,,,,,2016-09-01
2016-09,elite2000,30338,1502,20.198402130492678,251.32000000000016,159.76,63.56835906414129,48.00214865510098,78.75218844501032,270.5999999999999,209.29500000000007,77.34478935698453,67.65687361419084,86.9264597191426,,,,,,238.69999999999982,132.69999999999982,55.592794302471695,32.96711353162961,76.70925848345223,2016-09-01
2016-10,all_active,132934,14700,9.04312925170068,256.32000000000016,109.92000000000007,42.88389513108614,28.479244694132316,57.022862047440604,271.7600000000002,142.43500000000017,52.412054754194905,43.13364733588466,61.76111274654106,350.5419999999999,221.3515,63.14550039652882,59.67913260037322,66.53420274888597,,,,,,2016-10-01
2016-10,elite2000,30253,1488,20.331317204301076,256.32000000000016,161.58000000000015,63.03838951310864,46.72284644194761,78.79291510611732,271.7600000000002,210.4000000000001,77.42125404768912,67.8537128348541,87.23883205769786,,,,,,243.5,135.54999999999995,55.66735112936343,34.492813141683776,76.1868583162218,2016-10-01
2016-11,all_active,134103,14810,9.054895340985821,256.32000000000016,110.55999999999995,43.13358302122342,28.024734706616766,57.0088171036204,271.15999999999985,143.3800000000001,52.87653046172009,43.497658209175356,62.03422333677538,349.578,221.07550000000015,63.24067876124933,59.696669984953324,66.75816269902572,,,,,,2016-11-01
2016-11,elite2000,30292,1505,20.127574750830565,256.32000000000016,162.1199999999999,63.2490636704119,46.90933208489394,79.71324906367042,271.15999999999985,210.0400000000002,77.45980233072736,67.3511948664994,87.11839873137636,,,,,,242.80000000000018,135.19999999999982,55.683690280065775,34.058896210873044,76.93574958813821,2016-11-01
2016-12,all_active,135654,15001,9.042997133524432,255.35999999999967,109.07999999999993,42.716165413533865,28.148104636591555,56.61145050125336,271.0600000000004,142.8900000000001,52.71526599276909,43.469711502988176,61.44552866524015,348.06399999999985,220.42200000000025,63.3280086420889,59.926191734853354,66.70200738944564,,,,,,2016-12-01
2016-12,elite2000,30448,1508,20.190981432360743,255.35999999999967,160.0,62.65664160401011,46.75712719298255,79.04174498746883,271.0600000000004,209.40499999999997,77.25411348041011,67.90323175680649,87.13615066774872,,,,,,238.70000000000027,131.70000000000027,55.1738583996649,33.72434017595304,75.87033933808117,2016-12-01
2017-01,all_active,137510,15158,9.071777279324449,255.8800000000001,109.91999999999985,42.9576363920587,28.403548538377294,56.55815225887124,271.1300000000001,142.34500000000003,52.500645446833616,43.73151255855129,61.678991627632485,348.1970000000001,221.1954999999998,63.52596375040559,59.908981122755165,66.98221839935438,,,,,,2017-01-01
2017-01,elite2000,30479,1500,20.319333333333333,255.8800000000001,161.46000000000004,63.09989057370641,46.91066124745971,78.94403626700013,271.1300000000001,209.8699999999999,77.40567255560056,67.54684099878297,86.96612326190383,,,,,,241.5,134.4000000000001,55.65217391304351,34.657349896480255,76.40165631469982,2017-01-01
2017-02,all_active,138810,15260,9.096330275229358,255.72000000000025,109.51999999999998,42.82809322696694,29.01611137181299,56.96895041451576,273.25,143.0200000000002,52.34034766697171,43.029643183897505,61.43842634949684,349.0680000000002,221.53300000000013,63.46413879244158,60.08464683098994,66.80592320121012,,,,,,2017-02-01
2017-02,elite2000,30487,1482,20.57152496626181,255.72000000000025,161.18000000000006,63.029876427342366,46.73705615516967,80.21390583450655,273.25,210.8800000000001,77.17474839890215,67.64483074107949,87.15846294602024,,,,,,242.5999999999999,136.0999999999999,56.10057708161581,34.53730420445168,77.82357790601804,2017-02-01
2017-03,all_active,139364,15320,9.09686684073107,252.92000000000007,109.72000000000003,43.381306341926305,29.004428277716315,57.72576308714217,272.6100000000001,142.80000000000018,52.38252448552881,43.604049741388735,61.454642162796716,349.66899999999987,221.7215000000001,63.40896676571277,60.02085543757099,66.75491679273826,,,,,,2017-03-01
2017-03,elite2000,30384,1480,20.52972972972973,252.92000000000007,160.83999999999992,63.59323106120507,47.73011228847075,80.3127471137118,272.6100000000001,211.05999999999995,77.42195810865333,67.89488646784785,87.05852683320488,,,,,,236.5999999999999,135.29999999999973,57.18512256973786,35.796703296703235,78.91166525781907,2017-03-01
2017-04,all_active,139232,15291,9.105486887711725,256.3199999999997,111.15999999999985,43.367665418227205,28.713327091136076,57.02286204744088,272.4100000000003,144.31999999999994,52.9789655298997,43.914779193128,61.81188282368486,349.413,221.98800000000006,63.53169458491815,60.0679639853125,67.01605263685101,,,,,,2017-04-01
2017-04,elite2000,30038,1452,20.68732782369146,256.3199999999997,163.08000000000015,63.62359550561811,48.1269506866418,79.88451935081149,272.4100000000003,213.18999999999983,78.26070995925245,68.80006240593217,87.9081164421275,,,,,,238.70000000000027,136.5999999999999,57.22664432341842,34.812526183493844,78.71910347716776,2017-04-01
2017-05,all_active,140563,15448,9.099106680476437,254.1199999999999,109.03999999999996,42.9088619549819,29.13466079017787,57.012435070045534,272.96000000000004,143.77999999999997,52.67438452520514,43.73159070926138,62.072556418522964,349.3399999999997,221.96500000000015,63.53838667201017,60.01338953455093,67.01564378542398,,,,,,2017-05-01
2017-05,elite2000,29996,1449,20.701173222912352,254.1199999999999,162.4000000000001,63.90681567763268,47.725484023296175,79.52187942704235,272.96000000000004,212.87499999999977,77.98761723329416,68.19634745017588,87.31325102579129,,,,,,237.20000000000027,134.25000000000023,56.597807757166976,35.115935919055495,77.15008431703195,2017-05-01
2017-06,all_active,140255,15389,9.113977516407823,252.80000000000018,109.12000000000012,43.16455696202533,28.511471518987292,57.21518987341763,273.9000000000001,143.95000000000005,52.555677254472435,43.6863818912011,61.53349762687108,350.94000000000005,222.27549999999997,63.33718014475407,59.97027981991211,66.73463412549148,,,,,,2017-06-01
2017-06,elite2000,29875,1435,20.818815331010452,252.80000000000018,162.0,64.08227848101261,47.689477848101205,80.61787974683529,273.9000000000001,213.16499999999996,77.8258488499452,68.09027017159546,87.22216137276378,,,,,,239.0,136.5999999999999,57.15481171548114,35.10460251046029,78.07635983263596,2017-06-01
2017-07,all_active,141387,15612,9.05630284396618,252.51999999999998,110.24000000000024,43.655948043719405,29.430540155235125,58.372802154284855,273.8600000000001,144.08500000000004,52.61264879865624,43.704082377857134,61.52148908201269,349.28200000000015,221.548,63.42954976208334,59.98735978378501,66.73256136875068,,,,,,2017-07-01
2017-07,elite2000,29837,1441,20.705759888965996,252.51999999999998,163.8800000000001,64.89782987486144,48.75376207825119,80.67598606050998,273.8600000000001,212.89000000000033,77.73679982472804,68.1294274446797,87.13968816183458,,,,,,241.89999999999964,137.5,56.84167011161646,36.333195535345276,76.7269532864821,2017-07-01
2017-08,all_active,142338,15770,9.025871908687382,255.5600000000004,111.61999999999989,43.676631710752744,29.425183909844925,57.47417436218496,275.07000000000016,142.5250000000001,51.81408368778857,42.886992401934116,60.54104409786587,350.3599999999997,221.50649999999996,63.22254252768585,59.79012301632618,66.69218089964616,,,,,,2017-08-01
2017-08,elite2000,29756,1439,20.67824878387769,255.5600000000004,164.58000000000015,64.39974956957266,49.00571294412255,79.82548129597734,275.07000000000016,211.41499999999996,76.8586178063765,67.37875813429294,86.29439778965346,,,,,,240.30000000000018,135.30000000000018,56.30461922596758,35.28818143986688,76.19642114024127,2017-08-01
2017-09,all_active,143153,15815,9.051723047739488,253.87999999999965,112.16000000000008,44.17835197731221,30.390735780683777,58.10619190168591,275.4100000000003,143.64499999999998,52.156784430485395,43.24280164118942,60.83475545550263,349.75599999999986,221.16499999999996,63.234083189423494,59.87339745422526,66.65565422751865,,,,,,2017-09-01
2017-09,elite2000,29768,1454,20.473177441540578,253.87999999999965,164.51999999999998,64.80226878840405,49.35993382700484,80.88939656530643,275.4100000000003,210.76999999999998,76.52953778003693,67.20080970189889,86.19558113358251,,,,,,236.89999999999964,135.4000000000001,57.1549176867878,35.75242718446599,78.21865766146054,2017-09-01
2017-10,all_active,141670,15574,9.096571208424297,252.44000000000005,109.03999999999996,43.194422437014715,29.518301378545388,56.74259229916028,277.1600000000003,143.49,51.77153990474811,42.96796074469621,60.48870688411022,349.87699999999995,221.8320000000001,63.40285300262668,60.03823486539568,66.95697345066989,,,,,,2017-10-01
2017-10,elite2000,29451,1415,20.813427561837457,252.44000000000005,161.48000000000002,63.96767548724449,48.3124702899699,79.90849310727292,277.1600000000003,212.04999999999995,76.50815413479567,66.99370399769073,86.1059496319813,,,,,,233.9000000000001,131.70000000000005,56.30611372381359,33.94613082513898,76.5711842667806,2017-10-01
2017-11,all_active,144453,15853,9.112029268908094,254.51999999999998,109.36000000000013,42.967153858243016,28.775341819896187,57.42652836712237,276.3399999999997,142.94500000000016,51.72794383730199,42.98626691756536,60.566964608815255,349.43499999999995,221.50299999999993,63.38889922303146,60.0205617639905,67.00266859358678,,,,,,2017-11-01
2017-11,elite2000,29820,1439,20.722724113968034,254.51999999999998,161.46000000000004,63.437057991513456,47.303158887317345,78.90971239981147,276.3399999999997,210.96499999999992,76.342549033799,66.69944633422608,85.73858290511693,,,,,,237.69999999999982,132.25,55.637358014303786,33.78102650399655,76.31468237273884,2017-11-01
2017-12,all_active,145442,15811,9.198785655556259,253.5999999999999,109.10000000000014,43.02050473186127,29.32058359621457,57.114353312302924,273.65999999999985,142.87500000000023,52.20894540670916,43.151172988379656,61.53630417306153,348.21299999999974,222.2355,63.82171257247724,60.343783833458296,67.28059406168072,,,,,,2017-12-01
2017-12,elite2000,29918,1455,20.562199312714778,253.5999999999999,160.46000000000004,63.2728706624606,47.79140378548908,78.88367507886439,273.65999999999985,209.67999999999984,76.62062413213475,67.05026310019728,85.95730103047566,,,,,,235.80000000000018,132.0,55.97964376590326,34.26526717557238,76.2945292620865,2017-12-01
2018-01,all_active,146016,15845,9.215272956768697,252.75999999999976,110.58000000000015,43.74901091944938,29.972305744579774,57.38407975945565,274.03999999999996,142.93000000000006,52.156619471610014,43.219876660341576,60.93280178076195,348.5699999999997,223.24849999999992,64.0469633072267,60.65281722466085,67.4442149353072,,,,,,2018-01-01
2018-01,elite2000,29814,1464,20.364754098360656,252.75999999999976,160.94000000000005,63.67304953315406,47.60207311283441,79.07975945561019,274.03999999999996,208.91499999999996,76.23522113560064,66.40235002189455,86.09783243322146,,,,,,233.79999999999973,131.0,56.0307955517537,33.78956372968353,77.58768177929848,2018-01-01
2018-02,all_active,146798,16000,9.174875,254.75999999999976,111.76000000000022,43.86873920552689,29.345266132831004,57.828151986183016,274.0500000000002,142.87000000000035,52.13282247765015,43.287721218755706,61.02563400839267,348.328,222.74199999999996,63.946050848625426,60.573862853402574,67.37743592246387,,,,,,2018-02-01
2018-02,elite2000,29844,1471,20.28823929299796,254.75999999999976,162.2800000000002,63.69916784424571,47.77712356727897,79.15057308839695,274.0500000000002,209.0050000000001,76.2652800583835,66.25706987775946,85.63455573800405,,,,,,238.5,132.9000000000001,55.72327044025162,33.75262054507338,77.36058700209645,2018-02-01
2018-03,all_active,147703,16140,9.151363073110286,253.92000000000007,110.03999999999996,43.33648393194704,28.906742281033427,57.467706364209214,273.21000000000004,142.37999999999988,52.113758647194416,43.23011602796388,61.22771860473618,346.605,222.35299999999984,64.15170006203022,60.75076816549105,67.54617648331673,,,,,,2018-03-01
2018-03,elite2000,29814,1491,19.995975855130784,253.92000000000007,159.63999999999987,62.87019533711399,47.30623818525514,78.65469439193454,273.21000000000004,207.21500000000015,75.84458841184441,66.41338164781662,85.7623256835401,,,,,,238.5,131.5999999999999,55.178197064989476,33.961215932914044,75.85010482180297,2018-03-01
2018-04,all_active,146357,16087,9.09784297880276,254.51999999999998,110.51999999999998,43.422913719943416,28.947037560899062,57.347556184189685,273.3900000000003,140.80500000000006,51.503346867112874,42.67136691173787,60.243882365851,347.3220000000001,222.4955,64.06029563344676,60.60523807878568,67.55518654159539,,,,,,2018-04-01
2018-04,elite2000,29339,1472,19.93138586956522,254.51999999999998,160.26,62.96558227251297,45.779899418513274,78.59578815024359,273.3900000000003,206.51,75.53677896045933,65.57545996561687,85.03996122755036,,,,,,238.5,132.4000000000001,55.51362683438159,33.249475890985394,76.3542976939203,2018-04-01
2018-05,all_active,147321,16157,9.118091229807513,253.12000000000035,110.83999999999992,43.78950695322367,29.28215865992406,58.18584070796442,272.6199999999999,141.54999999999995,51.92208935514636,43.25058689751299,60.89813660039617,348.32400000000007,223.07050000000004,64.04109392404771,60.54620841515368,67.60898617379222,,,,,,2018-05-01
2018-05,elite2000,29336,1464,20.038251366120218,253.12000000000035,159.1199999999999,62.863463969658525,47.139301517067,78.23996523388105,272.6199999999999,206.40999999999985,75.7134472892671,66.53171080625052,84.83612721003605,,,,,,238.69999999999982,132.70000000000005,55.59279430247178,34.226015919564254,76.28822790113115,2018-05-01
2018-06,all_active,147771,16253,9.091921491416969,256.3199999999997,108.88000000000011,42.47815230961308,28.932194132334555,57.07045880149828,274.6700000000001,139.80500000000006,50.89926093129938,42.54123129573666,59.72630793315604,348.04800000000023,222.9475,64.05653817864199,60.55862984415948,67.36660604284465,,,,,,2018-06-01
2018-06,elite2000,29200,1455,20.06872852233677,256.3199999999997,158.74,61.93039950062429,46.36274968789007,77.54486579275905,274.6700000000001,206.05999999999995,75.02093421196341,65.58770524629557,84.72740015291083,,,,,,243.19999999999982,133.5999999999999,54.934210526315795,33.88157894736848,74.75431743421066,2018-06-01
2018-07,all_active,148044,16279,9.094170403587444,259.7600000000002,110.83999999999992,42.67015706806276,28.65722205112411,56.20572836464424,276.59000000000015,141.23000000000002,51.06113742362339,42.06551212986726,59.56108319172772,347.7220000000002,222.48649999999998,63.98401596677802,60.67628018934666,67.51661528462388,,,,,,2018-07-01
2018-07,elite2000,29185,1460,19.98972602739726,259.7600000000002,160.26,61.69541114875264,45.717970434246865,76.78010471204185,276.59000000000015,206.15499999999975,74.53450956289079,64.82727141256007,83.9619111320004,,,,,,244.69999999999982,132.6500000000001,54.20923579893755,33.224356354720165,74.78545157335519,2018-07-01
2018-08,all_active,148566,16339,9.092722932860028,257.6400000000003,110.72000000000003,42.974693370594586,28.969492314857852,56.87005123428032,274.84000000000015,141.2249999999999,51.38444185708042,42.32244214815881,59.991358608645044,348.14300000000003,222.6785000000002,63.961791562662526,60.3964893736194,67.42982050479254,,,,,,2018-08-01
2018-08,elite2000,29150,1476,19.74932249322493,257.6400000000003,159.48000000000002,61.90032603632969,46.28124514826876,77.61256016146552,274.84000000000015,205.59500000000003,74.8053412894775,65.20984936690435,84.37681924028524,,,,,,238.69999999999982,130.70000000000027,54.754922496858136,33.6405529953918,74.99057394218691,2018-08-01
2018-09,all_active,148907,16475,9.03836115326252,260.0,110.77999999999997,42.6076923076923,28.584615384615443,56.40000000000013,274.78999999999996,140.8499999999999,51.257323774518696,42.21951308271771,60.051857782306584,349.3340000000003,221.85699999999974,63.50856200656093,60.096326152049386,66.83782569117231,,,,,,2018-09-01
2018-09,elite2000,29003,1481,19.583389601620528,260.0,159.5999999999999,61.38461538461535,46.03038461538455,76.99999999999993,274.78999999999996,204.52999999999997,74.43138396593763,65.1878707376541,83.76223661705305,,,,,,243.0999999999999,132.19999999999982,54.380913204442564,33.441999177293205,75.36096256684488,2018-09-01
2018-10,all_active,148948,16467,9.045241999149814,258.6399999999999,110.79999999999973,42.83946798639027,28.2705691308382,56.5264460253634,275.7399999999998,141.365,51.267498368027894,42.15492855588594,60.035087401175055,350.78600000000006,222.45000000000005,63.41473148871392,59.895342174431136,66.84768633867934,,,,,,2018-10-01
2018-10,elite2000,28888,1474,19.598371777476256,258.6399999999999,159.20000000000027,61.55273739560793,45.97703371481601,77.14236003711726,275.7399999999998,204.74500000000012,74.25291941684206,64.8611917023283,83.79279393631694,,,,,,244.0999999999999,132.10000000000036,54.11716509627219,33.303973781237275,75.13314215485464,2018-10-01
2018-11,all_active,149322,16569,9.012131088176716,255.48000000000002,108.8599999999999,42.60998904023794,28.055033662126128,56.10028182245175,273.72000000000025,140.76,51.42481367821126,42.55744921817921,60.14558673096593,350.28099999999995,222.69399999999996,63.57581484579523,60.116263799635036,66.98809669950697,,,,,,2018-11-01
2018-11,elite2000,28897,1472,19.63111413043478,255.48000000000002,157.44000000000005,61.62517613903242,46.07757945827471,76.79700955064969,273.72000000000025,205.01,74.89770568464117,65.40844658775384,84.26512494519942,,,,,,239.9000000000001,132.0999999999999,55.06461025427255,33.88703626511034,75.32409337223852,2018-11-01
2018-12,all_active,150040,16727,8.96992885753572,258.0799999999999,107.11999999999989,41.506509609423404,27.339972101673883,54.78921264724104,273.85000000000036,140.14000000000033,51.174000365163465,42.282271316414025,59.624155559612916,352.01800000000003,222.8285000000003,63.30031418847908,59.83182678158494,66.76480322028983,,,,,,2018-12-01
2018-12,elite2000,28854,1452,19.871900826446282,258.0799999999999,156.94000000000005,60.8106013639182,45.20652510849344,76.81377867327954,273.85000000000036,206.09500000000003,75.25835311301799,65.52473982106987,84.99753514697808,,,,,,242.39999999999964,131.70000000000027,54.33168316831703,32.67223597359734,74.87623762376249,2018-12-01
2019-01,all_active,150634,16888,8.91958787304595,259.1199999999999,106.59999999999991,41.139240506329095,27.631599259030537,54.507949984563254,272.6700000000001,139.15999999999985,51.036050904023114,42.274452635053336,59.94095426706275,352.3430000000003,221.9414999999999,62.9901828615865,59.553226543453306,66.39637370403267,,,,,,2019-01-01
2019-01,elite2000,28815,1451,19.858718125430737,259.1199999999999,156.36000000000013,60.34269836369257,44.426906452608975,75.42489966038907,272.6700000000001,204.6500000000001,75.05409469321891,65.49519565775482,84.9966993068545,,,,,,242.70000000000027,131.0999999999999,54.017305315203856,32.67408323032536,73.87824474660073,2019-01-01
2019-02,all_active,151306,16947,8.928187879860742,259.6399999999999,106.03999999999996,40.84116468957018,27.22192266214754,54.32136804806657,271.8899999999999,138.81500000000028,51.055573945345664,42.18553459119493,59.77886277538704,353.3620000000001,222.3315,62.91890469263814,59.6173683078543,66.23350133857072,,,,,,2019-02-01
2019-02,elite2000,28690,1441,19.90978487161693,259.6399999999999,156.12000000000035,60.12940995224173,44.692651363426286,75.64319827453404,271.8899999999999,205.10500000000025,75.43675751222933,65.96040678215446,85.2075287800214,,,,,,244.0999999999999,131.29999999999973,53.7894305612453,32.689471528062356,74.06800491601794,2019-02-01
2019-03,all_active,151045,16910,8.932288586635128,256.84000000000015,105.30000000000018,40.99828687120391,27.316617349322463,54.82051082385926,271.3499999999999,139.56999999999994,51.4354155150175,42.295835636631665,60.07029666482405,353.70600000000013,222.8860000000002,63.01448095310798,59.518088468954424,66.37752116164268,,,,,,2019-03-01
2019-03,elite2000,28580,1436,19.9025069637883,256.84000000000015,155.5999999999999,60.58246379068674,45.13198878679333,76.34324871515334,271.3499999999999,205.09000000000015,75.58135249677547,65.9332043486272,84.94647134696889,,,,,,237.9000000000001,129.95000000000005,54.62379150903741,32.698612862547165,75.32681799075233,2019-03-01
2019-04,all_active,150916,16974,8.891009779663014,250.51999999999998,104.61999999999989,41.76113683538236,27.925914098674774,54.8942200223535,267.94000000000005,138.05499999999984,51.52459505859513,42.535082481152415,60.24567067253849,352.5540000000001,222.32650000000012,63.061687003976715,59.605790885935185,66.3686839462891,,,,,,2019-04-01
2019-04,elite2000,28333,1432,19.785614525139664,250.51999999999998,154.27999999999997,61.58390547660865,45.64825163659594,77.20022353504716,267.94000000000005,203.7550000000001,76.04501007688292,66.00302306486539,85.56766440247814,,,,,,231.69999999999982,128.5,55.45964609408722,33.74946050927919,76.65299956840745,2019-04-01
2019-05,all_active,151477,17030,8.894715208455667,252.24000000000024,105.60000000000014,41.86489058039963,27.893672692673665,55.10704091341575,270.0799999999999,138.0899999999997,51.129295023696585,42.00607227488146,59.73063536729849,354.799,223.019,62.857843455026654,59.40731230922286,66.38243061564432,,,,,,2019-05-01
2019-05,elite2000,28160,1437,19.596381350034793,252.24000000000024,154.48000000000002,61.24326038693303,45.924119885822854,76.87955915001582,270.0799999999999,203.14999999999986,75.21845379146916,65.49883367891,84.94223933649286,,,,,,233.0999999999999,127.0,54.4830544830545,33.289360789360764,75.37644787644803,2019-05-01
2019-06,all_active,150462,16951,8.876290484337208,252.51999999999998,105.76000000000022,41.88183114208785,27.941945192459983,55.91675906858856,270.5999999999999,137.95000000000005,50.979305247597964,41.847376201034834,59.87463045084998,353.7249999999999,222.57950000000005,62.92444695738217,59.50233232030532,66.33217188493883,,,,,,2019-06-01
2019-06,elite2000,27930,1428,19.558823529411764,252.51999999999998,155.1199999999999,61.42879771899251,45.523918897513084,77.8571994297481,270.5999999999999,202.94000000000005,74.99630450849968,65.1034737620104,84.87564671101262,,,,,,232.80000000000018,126.80000000000018,54.467353951890075,31.398195876288597,78.09278350515466,2019-06-01
2019-07,all_active,151649,17073,8.882387395302525,250.55999999999995,105.36000000000013,42.04980842911883,27.250957854406217,55.68486590038315,270.5,137.75,50.92421441774492,42.099722735674725,59.76349353049903,353.25,223.22949999999992,63.19306440198158,59.79553432413307,66.64129511677278,,,,,,2019-07-01
2019-07,elite2000,27887,1417,19.680310515172902,250.55999999999995,154.5999999999999,61.70178799489142,45.49768518518519,78.27346743295017,270.5,203.6049999999998,75.26987060998144,65.54898336414045,84.60314232902032,,,,,,230.0999999999999,125.80000000000018,54.67188179052596,32.116471099521995,77.57822685788791,2019-07-01
2019-08,all_active,152073,17063,8.912442126238059,252.84000000000015,106.51999999999998,42.12940990349625,27.858724885302795,55.70360702420506,271.05999999999995,137.17499999999995,50.606876706264295,41.80596546889978,59.40806463513605,354.25099999999975,224.46949999999993,63.36453531535552,59.870656681279655,66.84403149179543,,,,,,2019-08-01
2019-08,elite2000,27782,1398,19.872675250357652,252.84000000000015,155.75999999999976,61.60417655434254,45.60868533459882,77.26744186046513,271.05999999999995,203.4150000000002,75.04427064118654,65.20613517302444,84.46838338375271,,,,,,233.4000000000001,126.80000000000018,54.327335047129445,32.55891173950299,77.03513281919456,2019-08-01
2019-09,all_active,152558,17166,8.88721892112315,251.07999999999993,107.23999999999978,42.71148637884332,28.65939142902663,56.460092400828344,269.87999999999965,136.53999999999974,50.592856084185534,41.53697939825109,59.45012598191799,354.71399999999994,224.07449999999994,63.17046973054347,59.6950994322186,66.55390680942959,,,,,,2019-09-01
2019-09,elite2000,27775,1395,19.910394265232974,251.07999999999993,156.79999999999973,62.45021507089364,46.39119005894538,78.63788433965276,269.87999999999965,203.2199999999998,75.30013339261896,65.34756187935392,85.10569512375876,,,,,,234.4000000000001,127.09999999999991,54.223549488054545,32.08191126279874,77.21949658703069,2019-09-01
2019-10,all_active,153201,17338,8.836140269927327,251.15999999999985,107.88000000000011,42.952699474438674,28.937330785156824,56.47435897435906,269.6399999999999,136.30999999999995,50.55258863670079,41.573857736240896,59.17890520694251,354.43600000000015,223.52900000000022,63.06611066595947,59.77550248846051,66.49409907571466,,,,,,2019-10-01
2019-10,elite2000,27888,1411,19.764705882352942,251.15999999999985,156.67999999999984,62.38254499124062,46.741121197643004,78.62756808408989,269.6399999999999,202.92000000000007,75.25589675122391,65.4276998961579,84.86185284082491,,,,,,229.5999999999999,127.29999999999995,55.444250871080136,32.40309233449482,78.00522648083623,2019-10-01
2019-11,all_active,154372,17374,8.885230804650627,249.76000000000022,107.93999999999983,43.217488789237564,28.85930493273537,57.06318065342724,268.5100000000002,134.90499999999997,50.24207664519007,41.16327138654058,59.09137462291915,356.645,224.51099999999997,62.95083346184581,59.56790365769882,66.30160944356427,,,,,,2019-11-01
2019-11,elite2000,27802,1389,20.01583873290137,249.76000000000022,156.27999999999975,62.57206918641881,46.69963164638061,78.66912235746311,268.5100000000002,201.8900000000001,75.18900599605226,65.55370377267135,84.88808610480044,,,,,,228.80000000000018,128.35000000000014,56.09702797202799,33.17198426573408,78.62871503496501,2019-11-01
2019-12,all_active,155368,17389,8.934843866812352,251.15999999999985,107.66000000000008,42.865105908584226,28.396241439719777,56.428571428571395,270.52,135.8699999999999,50.22549164571932,41.26811326334463,59.32833062250491,357.06399999999985,224.6255000000001,62.90903031389337,59.503058275267186,66.18578882217192,,,,,,2019-12-01
2019-12,elite2000,28000,1385,20.216606498194945,251.15999999999985,156.76000000000022,62.41439719700601,46.83787227265487,78.90070074852684,270.52,203.80500000000006,75.33823746857907,65.66603208635216,85.01774360490899,,,,,,229.0999999999999,130.3499999999999,56.896551724137915,34.43910955914453,79.18048886948938,2019-12-01
2020-01,all_active,155998,17463,8.93305846647197,249.67999999999984,107.51999999999998,43.063120794617134,29.07641781480293,57.00136174303119,268.9500000000003,135.58500000000004,50.412716118237554,41.43130693437448,59.118888269194954,356.9609999999998,224.37750000000005,62.85770714447803,59.49425147285009,66.16701124212454,,,,,,2020-01-01
2020-01,elite2000,27938,1376,20.30377906976744,249.67999999999984,157.07999999999993,62.91252803588595,46.90684075616788,79.30350849086837,268.9500000000003,203.43499999999995,75.64045361591364,65.74000743632637,85.49916341327369,,,,,,227.19999999999982,129.5999999999999,57.04225352112676,34.6390845070424,79.31668133802816,2020-01-01
2020-02,all_active,156548,17539,8.925708421232681,248.44000000000005,106.2199999999998,42.754789888906686,28.866929640959675,56.97995491869261,267.8299999999999,134.70500000000015,50.29496322293999,41.78396744203425,59.4819475040139,355.9960000000001,223.57900000000018,62.80379554826462,59.5152473623299,66.1352023618243,,,,,,2020-02-01
2020-02,elite2000,27796,1368,20.318713450292396,248.44000000000005,156.75999999999976,63.09772983416509,46.20834004186109,79.90701980357429,267.8299999999999,202.7650000000001,75.70660493596691,65.92176007168726,85.45439271179478,,,,,,228.80000000000018,131.20000000000027,57.34265734265742,34.65472027972033,79.67766608391591,2020-02-01
2020-03,all_active,157186,17666,8.897656515340202,248.75999999999976,105.92000000000007,42.57919279626957,28.540762180414887,56.92354076218044,267.46000000000004,135.0999999999999,50.51222612727133,41.41161295146929,59.422156584162046,355.37400000000025,223.51949999999988,62.896976143443176,59.36351562016357,66.33128760123137,,,,,,2020-03-01
2020-03,elite2000,27775,1374,20.21470160116448,248.75999999999976,155.8800000000001,62.66280752532572,46.19552982794669,79.11400546711705,267.46000000000004,202.82000000000016,75.83190009721085,65.59074254094062,85.23938158977043,,,,,,229.5999999999999,131.70000000000005,57.360627177700394,34.40766550522649,79.09516550522649,2020-03-01
2020-04,all_active,154844,17383,8.907783466605304,252.3199999999997,106.11999999999989,42.05770450221941,28.01125554850998,55.36025681674066,269.92999999999984,135.44999999999982,50.17967621235131,41.11760456414637,58.95991553365694,355.82400000000007,224.58199999999988,63.11603489365525,59.7537125095553,66.48465955078908,,,,,,2020-04-01
2020-04,elite2000,27402,1365,20.074725274725274,252.3199999999997,155.4599999999998,61.612238427393784,45.10066582117941,78.02948636651885,269.92999999999984,202.51999999999998,75.02685881524843,64.92053495350659,84.75632571407414,,,,,,234.0,130.79999999999973,55.89743589743578,33.97222222222223,77.35363247863248,2020-04-01
2020-05,all_active,148702,16762,8.871375730819711,252.3199999999997,105.84000000000015,41.94673430564374,27.55112555485101,55.94483195941662,269.92999999999984,135.40000000000032,50.16115289149054,41.19901455933024,59.33028933427191,357.62800000000016,225.7449999999999,63.12285391524147,59.64681177089036,66.42825785453033,,,,,,2020-05-01
2020-05,elite2000,26503,1337,19.82273747195213,252.3199999999997,154.5999999999999,61.271401395053935,45.7827362079899,77.55350348763494,269.92999999999984,202.41999999999985,74.98981217352646,65.25006483162309,84.72955951542998,,,,,,234.0,131.19999999999982,56.06837606837599,33.75961538461539,77.17948717948714,2020-05-01
2020-06,all_active,144351,16197,8.91220596406742,252.3199999999997,106.39999999999964,42.16867469879509,27.61572606214345,56.54843056436272,270.2399999999998,136.92499999999995,50.667924807578466,41.54057504440492,59.369819419775084,358.86400000000003,227.33050000000003,63.3472568995497,59.760006576307354,66.78584366222304,,,,,,2020-06-01
2020-06,elite2000,25980,1307,19.877582249426165,252.3199999999997,154.98000000000002,61.42200380469254,45.956325301204885,76.93444831959422,270.2399999999998,203.60999999999967,75.34413854351682,65.71094212551826,84.53633806986383,,,,,,234.0,129.69999999999982,55.427350427350355,34.52884615384605,76.45512820512825,2020-06-01
2020-07,all_active,139264,15602,8.92603512370209,252.3199999999997,106.66000000000008,42.271718452758485,28.24984147114768,55.70743500317062,269.98,137.36000000000013,50.87784280317065,41.695032965404735,59.4343099488851,361.0189999999998,228.221,63.215786426753205,59.74061614485666,66.58359393826932,,,,,,2020-07-01
2020-07,elite2000,25533,1285,19.870038910505837,252.3199999999997,155.72000000000025,61.71528218135718,45.5453392517439,77.37912175015872,269.98,204.18499999999995,75.62967627231643,65.95581154159574,85.25122231276401,,,,,,234.0,130.95000000000005,55.96153846153848,33.75961538461539,76.24038461538464,2020-07-01
2020-08,all_active,133579,14702,9.085770643449871,252.7199999999998,108.36000000000013,42.87749287749296,28.741294713516908,57.04495093384,270.6999999999998,139.4849999999999,51.527521241226445,42.84364610269675,60.64333210195788,362.7579999999998,232.09100000000012,63.979567645648125,60.575852221039874,67.36589544544852,,,,,,2020-08-01
2020-08,elite2000,24832,1251,19.849720223820942,252.7199999999998,157.3599999999999,62.26654004431783,46.152263374485585,78.12678062678071,270.6999999999998,206.39499999999998,76.24492057628376,66.31233838197262,85.71499815293696,,,,,,234.0,131.0999999999999,56.02564102564098,34.52884615384604,77.0961538461539,2020-08-01
2020-09,all_active,127746,13873,9.208246233691343,252.3199999999997,108.59999999999991,43.040583386176294,28.645767279645007,57.483750792644315,271.8899999999999,141.13999999999987,51.910699179815346,42.94742359042261,60.947809776012406,366.66499999999996,236.96799999999985,64.62793012695509,61.24880340365183,68.0119727816945,,,,,,2020-09-01
2020-09,elite2000,23992,1200,19.993333333333332,252.3199999999997,157.32000000000016,62.349397590361576,45.16447368421059,77.94863665187086,271.8899999999999,207.6450000000002,76.37095884365011,66.25105741292442,86.02440325131488,,,,,,234.0,132.0999999999999,56.45299145299142,33.58974358974375,76.96688034188031,2020-09-01
2020-10,all_active,124195,13339,9.310667966114401,252.39999999999964,110.0,43.58161648177502,29.14421553090335,57.70404120443744,272.53999999999996,143.30500000000006,52.58127247376535,43.29887355984451,61.76918984369274,368.6010000000001,240.22800000000007,65.17291054554924,61.765947460804504,68.67642111660034,,,,,,2020-10-01
2020-10,elite2000,23427,1175,19.937872340425532,252.39999999999964,158.53999999999996,62.812995245641915,46.780903328050925,78.5740887480192,272.53999999999996,208.85500000000002,76.63278784765541,66.95136493725687,86.3217325897117,,,,,,233.9000000000001,132.5,56.648140230867874,34.67186831979473,77.72766139375807,2020-10-01
2020-11,all_active,174530,19556,8.92462671302925,251.15999999999985,106.33999999999992,42.33954451345755,28.379917184265103,55.598821468386674,269.3699999999999,135.2349999999999,50.204180123993005,41.566896833352004,58.58874410661923,350.8090000000002,220.87850000000003,62.96260928311415,59.47333876838964,66.39789743136579,,,,,,2020-11-01
2020-11,elite2000,29556,1462,20.216142270861834,251.15999999999985,156.15999999999985,62.17550565376651,45.755295429208346,78.10160853639113,269.3699999999999,202.5,75.1754092883395,65.23322938708851,84.73967034190885,,,,,,230.89999999999964,130.0,56.30142919012569,35.59874404504112,77.91251624079685,2020-11-01
2020-12,all_active,171851,19242,8.931036274815508,251.07999999999993,106.40000000000009,42.37693165524937,28.214115023100273,56.47721841644107,268.9200000000001,134.69499999999994,50.08738658337049,41.17135207496645,59.0101145322029,351.9459999999999,221.538,62.94658839708366,59.56673751086817,66.35260096719382,,,,,,2020-12-01
2020-12,elite2000,29271,1447,20.228749136143744,251.07999999999993,156.19999999999982,62.211247411183635,45.147363390154595,77.92018480165682,268.9200000000001,202.125,75.16175814368583,65.02231146809446,84.77288784768712,,,,,,230.79999999999973,130.4000000000001,56.49913344887359,34.78986135181988,77.25303292894277,2020-12-01
2021-01,all_active,169409,18979,8.926128879287633,250.64000000000033,106.59999999999991,42.53112033195012,27.800430896903823,56.304261091605376,268.94000000000005,135.56499999999983,50.407154012047215,41.64832304603247,59.27000446196179,352.0319999999997,221.80700000000002,63.00762430688125,59.51189806608501,66.3349922734298,,,,,,2021-01-01
2021-01,elite2000,29005,1426,20.340112201963535,250.64000000000033,157.03999999999996,62.655601659750936,46.24840408554098,78.8712894988827,268.94000000000005,203.21500000000015,75.56146352346252,66.0886257157731,85.47659329218415,,,,,,231.29999999999973,131.70000000000027,56.939040207522886,35.062689148292456,78.25443147427592,2021-01-01
2021-02,all_active,166456,18676,8.912829299635897,248.7199999999998,106.67999999999984,42.891605017690544,28.319395303956302,56.7714699260212,268.0699999999997,134.92000000000007,50.33013765061373,41.37697243257365,59.13408811131428,351.8470000000002,221.85799999999995,63.05524844605747,59.592422274454414,66.51671038832222,,,,,,2021-02-01
2021-02,elite2000,28690,1419,20.2184637068358,248.7199999999998,156.4000000000001,62.88195561273731,46.21904149244135,78.85332904470894,268.0699999999997,202.6300000000001,75.58846569925778,65.83634871488789,85.00783377476046,,,,,,231.29999999999973,132.20000000000027,57.15520968439275,34.97514051015986,78.7300043233896,2021-02-01
2021-03,all_active,164273,18479,8.889712646788245,247.19999999999982,105.32000000000016,42.605177993527604,28.606796116504977,56.00485436893211,268.05999999999995,134.96000000000004,50.34693725285386,41.3968887562487,59.073341789151826,352.68200000000024,222.12900000000013,62.982800369738165,59.49378618698996,66.44854996852693,,,,,,2021-03-01
2021-03,elite2000,28395,1408,20.16690340909091,247.19999999999982,155.2199999999998,62.791262135922295,46.92475728155344,79.01415857605173,268.05999999999995,202.11000000000013,75.39729911213914,65.70450645377889,85.03096321719015,,,,,,228.69999999999982,129.30000000000018,56.536947966768814,35.415391342369944,76.87035417577627,2021-03-01
2021-04,all_active,160761,18167,8.84906698959652,250.36000000000013,105.05999999999995,41.9635724556638,27.368589231506608,55.5040741332481,269.48,134.6300000000001,49.95918064420369,41.030410420068335,58.80668324179895,354.799,223.00250000000005,62.85319293459115,59.420960882076834,66.23114777662843,,,,,,2021-04-01
2021-04,elite2000,27839,1383,20.1294287780188,250.36000000000013,154.84000000000015,61.84694040581565,45.56558555679816,77.6969164403259,269.48,202.40499999999997,75.10947009054473,65.43342734154665,84.76324773638103,,,,,,231.5,130.0,56.15550755939525,34.686825053995754,76.02591792656588,2021-04-01
2021-05,all_active,156090,17728,8.80471570397112,250.24000000000024,105.0,41.95971867007668,27.860054347826157,55.466751918158586,269.2199999999998,134.92999999999984,50.11886189733301,41.3710905579081,58.89978456281102,356.2729999999997,223.57250000000022,62.753141551563104,59.19381345204386,66.2356254894421,,,,,,2021-05-01
2021-05,elite2000,27079,1360,19.911029411764705,250.24000000000024,154.7199999999998,61.82864450127863,45.04435741687968,77.7333759590792,269.2199999999998,202.49,75.21357997177036,65.5449075105862,85.01300052002082,,,,,,232.9000000000001,130.75,56.139974237870305,33.57664233576633,75.69987118935171,2021-05-01
2021-06,all_active,152849,17317,8.826528844488076,249.48000000000002,105.19999999999982,42.167708834375425,28.475228475228636,56.678290844957544,269.03999999999996,135.60500000000002,50.4032857567648,41.588611358905865,59.40389904846853,356.5459999999998,224.73300000000017,63.03057669978075,59.56119967690008,66.3682736589388,,,,,,2021-06-01
2021-06,elite2000,26730,1340,19.94776119402985,249.48000000000002,155.55999999999995,62.353695687028996,45.98324514991173,78.22671156004482,269.03999999999996,203.61499999999978,75.68205471305374,66.04937927445728,85.4001263752601,,,,,,231.30000000000018,131.0999999999999,56.67963683527878,35.10376134889762,77.34543882403803,2021-06-01
2021-07,all_active,149884,17062,8.784667682569452,249.0,105.85999999999967,42.51405622489946,27.935341365461824,56.67550200803208,267.8499999999999,135.36000000000013,50.5357476199366,41.14821728579423,59.499719992533116,359.1390000000001,224.3175000000001,62.45979968758615,59.07794057454082,65.91676203364155,,,,,,2021-07-01
2021-07,elite2000,26449,1326,19.946455505279033,249.0,155.74,62.54618473895582,45.91004016064264,78.94056224899597,267.8499999999999,203.92499999999995,76.13403024080642,66.11162964345716,86.01941385103609,,,,,,231.19999999999982,131.1500000000001,56.72577854671289,34.342560553633284,77.42214532871978,2021-07-01
2021-08,all_active,146511,16477,8.891849244401287,247.0,105.92000000000007,42.88259109311744,28.744129554655874,56.890688259109304,267.9699999999998,136.00999999999976,50.75568160614989,41.68591633391802,59.771989401798784,360.48,227.1724999999999,63.01944629383042,59.424628273413205,66.3676278850421,,,,,,2021-08-01
2021-08,elite2000,25993,1305,19.918007662835247,247.0,154.9000000000001,62.71255060728749,46.800809716599154,79.57975708502022,267.9699999999998,203.81999999999994,76.06075306937346,66.04778519983593,85.76053289547342,,,,,,229.69999999999982,130.39999999999964,56.769699608184474,34.7790596430127,78.05942533739656,2021-08-01
2021-09,all_active,143934,16040,8.973441396508727,245.44000000000005,107.75999999999976,43.90482398956965,29.007496740547513,58.004807692307736,267.30999999999995,137.0,51.25135610340056,41.91715611088257,60.32817702293227,361.9200000000001,229.84400000000005,63.506852343059236,60.091954022988524,66.94988533377536,,,,,,2021-09-01
2021-09,elite2000,25569,1279,19.991399530883502,245.44000000000005,156.8800000000001,63.917861799217754,46.87051825293348,80.34998370273787,267.30999999999995,204.53500000000008,76.51603007743823,66.64490666267633,86.52267030788234,,,,,,227.20000000000027,130.5999999999999,57.48239436619708,34.55105633802813,79.04929577464776,2021-09-01
2021-10,all_active,142912,15808,9.040485829959515,245.36000000000013,106.95999999999981,43.59308770785774,29.017769807629517,58.54254972285613,267.78999999999996,137.81499999999983,51.46383360095591,42.057115650323055,60.81668471563544,361.1180000000004,230.30849999999987,63.77652180173783,60.42283962582857,67.16902785239166,,,,,,2021-10-01
2021-10,elite2000,25421,1270,20.016535433070867,245.36000000000013,156.63999999999987,63.84088686012382,47.046788392565844,80.56732963808271,267.78999999999996,204.55999999999995,76.38821464580454,66.36916987191458,86.45589827850182,,,,,,229.10000000000036,129.80000000000018,56.65648188563945,35.703841117415806,77.21628109995626,2021-10-01
2021-11,all_active,140345,15532,9.035861447334534,243.3199999999997,105.89999999999986,43.52293276343909,29.87012987012984,58.03098799934261,268.0100000000002,138.5150000000001,51.68277303085706,42.67592627140779,60.78140741017124,360.50700000000006,230.74350000000004,64.00527590310313,60.434013763949125,67.48668541803622,,,,,,2021-11-01
2021-11,elite2000,25161,1260,19.96904761904762,243.3199999999997,155.4000000000001,63.86651323360195,46.95051783659394,80.33864869307918,268.0100000000002,205.9000000000001,76.82549158613482,66.69126152009241,86.57214283049133,,,,,,227.0,127.65000000000009,56.23348017621149,34.490088105726954,76.96365638766532,2021-11-01
2021-12,all_active,138212,15264,9.054769392033544,239.84000000000015,105.77999999999975,44.10440293529006,28.41852901934615,58.84089392928612,267.25,139.3299999999997,52.13470533208595,43.299906454630424,61.26501403180542,359.9190000000003,232.058,64.47506244460554,61.05950922290839,67.8258580402812,,,,,,2021-12-01
2021-12,elite2000,24815,1246,19.915730337078653,239.84000000000015,155.77999999999997,64.95163442294857,47.7480820547031,81.2545863909271,267.25,206.46000000000004,77.25350795135643,67.49092609915806,87.00551917680073,,,,,,225.5,129.30000000000018,57.339246119734,35.7838137472283,78.62749445676283,2021-12-01
2022-01,all_active,134668,14709,9.15548303759603,241.0,107.33999999999992,44.53941908713689,29.609958506224114,59.23692946058081,269.8899999999999,141.03500000000008,52.25647486012826,43.342936010967456,61.255511504687185,362.087,234.28999999999996,64.70544371932712,61.35684241632541,68.07370190037197,,,,,,2022-01-01
2022-01,elite2000,24450,1217,20.09038619556286,241.0,157.0,65.14522821576763,48.4132780082987,81.7273858921162,269.8899999999999,207.80500000000006,76.99618363036798,67.58299677646455,87.01711808514581,,,,,,225.5,130.80000000000018,58.004434589800525,35.565410199556666,79.6917960088693,2022-01-01
2022-02,all_active,128010,13910,9.20273184759166,241.04000000000042,108.07999999999993,44.83903086624616,29.918685695320185,60.1559907069365,270.6700000000001,143.135,52.88173790963163,43.82809325008299,62.22734325931939,362.85300000000007,236.05399999999986,65.05499472238064,61.589045701702815,68.58597696587873,,,,,,2022-02-01
2022-02,elite2000,23767,1185,20.056540084388185,241.04000000000042,157.8800000000001,65.49950215731822,48.53924659807492,82.70909392631901,270.6700000000001,209.96000000000004,77.57047327003362,67.93022869176482,87.46628736099315,,,,,,225.5,130.5999999999999,57.91574279379154,35.78603104212853,80.75498891352547,2022-02-01
2022-03,all_active,121039,13029,9.289968531736895,250.07999999999993,110.88000000000011,44.337811900191994,29.956813819577775,59.34101087651956,273.40999999999985,145.75,53.30821842653892,44.10948758275117,62.77477049120376,368.2840000000001,239.72199999999998,65.09161408043789,61.61820089930603,68.5375756209882,,,,,,2022-03-01
2022-03,elite2000,22646,1129,20.058458813108945,250.07999999999993,160.8599999999999,64.32341650671783,47.72552783109412,81.11004478566866,273.40999999999985,212.35500000000002,77.66906843202521,68.04387184082515,87.44038257561898,,,,,,234.0,132.29999999999973,56.538461538461426,34.14316239316225,78.76282051282041,2022-03-01
2022-04,all_active,116763,12974,8.999768768305842,250.51999999999998,108.91999999999962,43.477566661344255,28.436851349193777,58.26281334823569,275.52999999999975,143.90999999999985,52.23024716001887,43.396272638188314,61.34141472797895,368.89699999999993,238.14900000000011,64.55704437824113,61.09181560164492,68.15029669528352,,,,,,2022-04-01
2022-04,elite2000,21773,1120,19.44017857142857,250.51999999999998,158.77999999999997,63.380169247964226,46.191122465272336,80.45665016765126,275.52999999999975,211.24500000000012,76.66860233005491,66.72558342104311,86.38505788843337,,,,,,235.70000000000027,131.20000000000027,55.66397963512946,33.60203648705989,77.68455663979641,2022-04-01
2022-05,all_active,122938,13652,9.005127453852916,248.8800000000001,107.04000000000019,43.008678881388676,27.59402121504332,58.26382192221149,275.46000000000004,144.875,52.5938430262107,43.67766644884909,61.711591519639796,365.163,236.78100000000018,64.84254976544726,61.29201206036748,68.26670555341042,,,,,,2022-05-01
2022-05,elite2000,22314,1138,19.608084358523726,248.8800000000001,158.29999999999995,63.60495017679199,46.80086788813885,80.3443426550948,275.46000000000004,211.86000000000013,76.9113482901329,67.46841646700061,86.64125462862116,,,,,,232.4000000000001,129.10000000000036,55.55077452667827,32.87327882960416,78.6144578313252,2022-05-01
2022-06,all_active,127350,14206,8.964522032943826,248.92000000000007,105.20000000000027,42.262574321067106,27.266993411537882,57.14325887835457,276.27999999999975,144.45499999999993,52.285724627189836,43.12255682640798,61.18439626465908,362.9670000000001,233.78099999999995,64.40833464199221,61.029969666663966,67.89493259717828,,,,,,2022-06-01
2022-06,elite2000,22764,1166,19.523156089193826,248.92000000000007,156.46000000000004,62.85553591515346,46.440623493491834,79.8043548127912,276.27999999999975,210.72000000000003,76.2704502678443,66.76867670479223,85.63775879542497,,,,,,231.39999999999964,125.59999999999991,54.27830596369927,33.01534140017296,77.22666378565259,2022-06-01
2022-07,all_active,131386,14704,8.935391730141458,248.20000000000027,104.48000000000002,42.0950846091861,27.574133763094267,57.01893634165989,276.40999999999985,145.19000000000005,52.52704316052246,43.31563619261246,61.19930537968957,362.866,232.7750000000001,64.14902470884572,60.703792860174254,67.7133156592241,,,,,,2022-07-01
2022-07,elite2000,23130,1188,19.46969696969697,248.20000000000027,155.32000000000016,62.578565672844476,46.36261079774368,79.45245769540678,276.40999999999985,211.2049999999997,76.41004305198791,67.08811186281238,85.87623457906733,,,,,,230.70000000000027,124.40000000000009,53.92284351972256,32.855439965322965,77.24534026874713,2022-07-01
2022-08,all_active,135986,15233,8.927066237773255,248.51999999999998,104.75999999999976,42.15354901013993,27.313697086753624,57.55673587638821,277.67999999999984,144.55500000000006,52.0581244598099,43.09609982713904,60.88708225295313,362.80600000000004,231.53800000000024,63.818679955678846,60.41091519985892,67.33190051983695,,,,,,2022-08-01
2022-08,elite2000,23479,1200,19.565833333333334,248.51999999999998,156.5200000000002,62.98084661194279,45.88564300659906,79.8326090455497,277.67999999999984,211.42500000000018,76.13980121002604,66.43600547392687,85.54154062229917,,,,,,234.5,126.5,53.94456289978679,31.59808102345412,76.37846481876329,2022-08-01
2022-09,all_active,140457,15755,8.915074579498572,242.08000000000038,103.09999999999991,42.589226701916616,28.006857237276773,57.61772967614004,274.1199999999999,144.12500000000023,52.57733839194524,43.24748285422451,61.22574055158325,361.8100000000004,230.14800000000014,63.610182139797104,60.07072773002393,67.1175478842485,,,,,,2022-09-01
2022-09,elite2000,23816,1226,19.4257748776509,242.08000000000038,154.5,63.82187706543282,47.339309319233195,80.2891606080632,274.1199999999999,209.5150000000001,76.43185466219181,67.11604406829127,85.9003356194367,,,,,,226.69999999999982,123.30000000000018,54.38906043228949,32.024702249669346,77.37318041464502,2022-09-01
2022-10,all_active,143689,16084,8.933660780900274,243.96000000000004,104.58000000000015,42.867683226758544,28.67519265453354,57.30529595015582,275.17999999999984,143.37500000000023,52.10226033868752,43.09115851442692,60.93193546042597,361.64300000000003,230.50499999999988,63.73827227403817,60.34554104462136,67.24794894412435,,,,,,2022-10-01
2022-10,elite2000,24072,1238,19.44426494345719,243.96000000000004,153.84000000000015,63.05951795376296,46.71257583210363,79.91555992785703,275.17999999999984,208.67000000000007,75.83036557889389,66.40371756668367,85.58770622865039,,,,,,227.80000000000018,123.79999999999973,54.34591747146603,31.956760316066777,77.61303775241423,2022-10-01
2022-11,all_active,146994,16443,8.939609560299216,241.20000000000027,101.40000000000009,42.03980099502487,27.81053067993361,56.08706467661694,274.98,142.57499999999982,51.849225398210706,43.23214415593849,60.44121390646602,361.36400000000003,230.16400000000021,63.69311829623322,60.33103048449758,67.31528320474638,,,,,,2022-11-01
2022-11,elite2000,24303,1250,19.4424,241.20000000000027,150.67999999999984,62.470978441127556,46.13515754560515,78.85572139303466,274.98,207.8699999999999,75.59458869735977,65.97925303658442,85.06809586151722,,,,,,226.69999999999982,120.80000000000018,53.28628142920171,30.25915306572581,76.31340979267762,2022-11-01
2022-12,all_active,151534,16916,8.958027902577442,240.0,102.35999999999967,42.649999999999864,28.266249999999875,56.94999999999993,275.46000000000004,142.60500000000002,51.76976693530821,42.95505699557102,60.48900021781742,359.875,229.59249999999997,63.7978464744703,60.4492184786384,67.15620701632514,,,,,,2022-12-01
2022-12,elite2000,24657,1256,19.631369426751593,240.0,153.07999999999993,63.7833333333333,46.83291666666652,79.53375000000005,275.46000000000004,208.80999999999995,75.80410948958104,66.17621433238943,84.81984680171345,,,,,,226.69999999999982,123.5,54.47728275253644,29.59638288486986,77.76907807675336,2022-12-01
2023-01,all_active,136596,15122,9.03293215183177,242.19999999999982,104.8599999999999,43.29479768786126,29.149050371593894,58.01816680429401,278.25,145.25499999999988,52.203054806828355,43.57942497753826,60.98122192273146,367.19500000000016,234.67150000000015,63.90923079017961,60.29956154087066,67.3852448971254,,,,,,2023-01-01
2023-01,elite2000,22906,1143,20.04024496937883,242.19999999999982,156.33999999999992,64.54995871180844,48.322873658133794,80.87654830718427,278.25,212.76,76.46361185983828,67.15858041329736,85.78706199460926,,,,,,226.69999999999982,125.69999999999982,55.4477282752536,31.89126599029545,79.09131010145582,2023-01-01
2023-02,all_active,140410,15515,9.049951659684176,242.5999999999999,104.76000000000022,43.18219291014025,29.117477328936474,57.312860676009905,278.5699999999997,145.79999999999995,52.338729942204864,43.503607710808836,61.10869799332311,367.51900000000023,234.6864999999998,63.85697066002021,60.33261545661591,67.25965868431287,,,,,,2023-02-01
2023-02,elite2000,23182,1146,20.228621291448516,242.5999999999999,157.25999999999976,64.82275350370973,47.69909315746077,81.53380049464131,278.5699999999997,214.19000000000005,76.88911225185781,67.0243565351618,86.58559787486092,,,,,,225.9000000000001,126.04999999999995,55.79902611775117,32.17906153165108,78.48605577689248,2023-02-01
2023-03,all_active,143635,15888,9.040470795568982,240.96000000000004,104.2800000000002,43.27689243027896,29.331009296148668,57.66973771580346,276.34000000000015,144.85500000000025,52.41912137222269,43.65157052905826,61.64570818556844,365.8520000000003,233.63249999999994,63.859839497938985,60.38274356843741,67.3095541366453,,,,,,2023-03-01
2023-03,elite2000,23322,1164,20.036082474226806,240.96000000000004,155.91999999999985,64.70783532536514,48.35532868525895,81.02838645418318,276.34000000000015,212.25,76.80755590938695,67.26433017297516,86.09701816602734,,,,,,224.70000000000027,123.59999999999991,55.00667556742312,31.99488206497552,78.86292834890968,2023-03-01
2023-04,all_active,144788,15895,9.109027996225228,244.6800000000003,106.42000000000007,43.493542586235066,28.901013568742734,57.34837338564655,275.73,144.7299999999998,52.48975446995241,43.5533855583361,61.712998222899316,364.90099999999984,234.5559999999998,64.27935248190603,60.79840148423822,67.7242800101945,,,,,,2023-04-01
2023-04,elite2000,23222,1171,19.830913748932538,244.6800000000003,156.29999999999973,63.879352623835025,47.30995586071589,80.20557462808566,275.73,210.67000000000007,76.40445363217643,66.9889928553295,85.84131215319334,,,,,,226.4000000000001,125.19999999999982,55.300353356890355,32.331051236749026,78.66718197879852,2023-04-01
2023-05,all_active,145779,16099,9.055158705509658,244.07999999999993,105.79999999999995,43.346443788921654,28.80981645362184,57.604064241232365,275.0999999999999,144.68500000000017,52.59360232642683,43.762177390040115,61.48055252635412,365.442,234.48450000000003,64.16462803947002,60.53728772281245,67.54874234488649,,,,,,2023-05-01
2023-05,elite2000,23138,1147,20.172624237140365,244.07999999999993,157.05999999999995,64.3477548344805,47.36029170763681,80.7296787938381,275.0999999999999,212.27999999999997,77.16466739367505,67.24427480916042,86.8269720101782,,,,,,228.0999999999999,126.09999999999991,55.28277071459884,31.520166593599352,78.39105655414306,2023-05-01
2023-06,all_active,147080,16310,9.017780502759043,244.72000000000025,104.84000000000015,42.84079764628965,28.374877410918593,57.68306636155612,276.4899999999998,145.42000000000007,52.595030561684034,43.99065065644334,61.73858005714491,364.78600000000006,233.92749999999978,64.1273239652837,60.74514921077018,67.82763044634392,,,,,,2023-06-01
2023-06,elite2000,23025,1151,20.004344048653344,244.72000000000025,156.67999999999984,64.02419091206262,48.08720169990182,80.19001307616851,276.4899999999998,213.11000000000013,77.07692864118061,67.29709935259876,86.66525009946113,,,,,,229.4000000000001,123.90000000000009,54.01046207497823,32.5610287707061,76.89625108979948,2023-06-01
2023-07,all_active,148436,16477,9.008678764338168,247.8800000000001,105.51999999999998,42.56898499273839,28.0288849443279,56.67298692915925,276.8600000000001,145.85500000000002,52.681860868308874,43.668099400418996,61.73986852560853,365.12800000000016,233.84150000000022,64.04370522118275,60.56282317433885,67.61086523082314,,,,,,2023-07-01
2023-07,elite2000,22897,1147,19.96251089799477,247.8800000000001,158.33999999999992,63.87768274971754,47.006212683556534,79.79667581087627,276.8600000000001,213.615,77.1563244961352,67.37258903416894,86.89175034313367,,,,,,230.5,126.09999999999991,54.70715835140994,31.626898047722385,76.31344902386121,2023-07-01
2023-08,all_active,150100,16790,8.93984514592019,246.67999999999984,105.27999999999997,42.67877412031783,28.409275174314892,56.689638397924355,276.1800000000003,144.18500000000017,52.20689405460208,43.159171554783,61.029039032514866,363.8890000000001,233.17650000000003,64.07901860182636,60.641260109538784,67.57958470852373,,,,,,2023-08-01
2023-08,elite2000,22837,1158,19.721070811744386,246.67999999999984,155.72000000000025,63.12631749635169,46.2623641965299,79.22896059672459,276.1800000000003,211.05500000000006,76.41936418277929,65.96748497356792,85.82935042363665,,,,,,229.9000000000001,124.90000000000009,54.32796868203569,32.1879077859939,76.77250978686382,2023-08-01
2023-09,all_active,151882,16937,8.967467674322489,246.1199999999999,105.07999999999993,42.694620510320156,28.13139931740607,56.76946205103215,275.17999999999984,144.69000000000005,52.580129369867045,43.41104004651505,61.65428083436294,365.6579999999999,234.23399999999992,64.05821833516563,60.58448058021436,67.54601977804388,,,,,,2023-09-01
2023-09,elite2000,22765,1142,19.934325744308232,246.1199999999999,156.03999999999996,63.39996749553065,47.09856980334801,79.55631399317417,275.17999999999984,212.52999999999997,77.23308379969478,67.71177047750564,86.38391234828119,,,,,,229.70000000000027,123.5,53.76578145407046,31.04048759251202,75.92511972137565,2023-09-01
2023-10,all_active,152108,16978,8.959123571681,246.4000000000001,105.07999999999993,42.646103896103845,28.1976461038961,56.83482142857139,275.0100000000002,144.47000000000003,52.53263517690263,43.692956619759194,61.39449474564562,365.7349999999997,234.05100000000016,63.9946956129439,60.473512242470626,67.52235908513006,,,,,,2023-10-01
2023-10,elite2000,22737,1132,20.085689045936395,246.4000000000001,157.42000000000007,63.887987012987026,47.256087662337485,79.6103896103897,275.0100000000002,213.28500000000008,77.55536162321367,67.59345114723091,86.775117268463,,,,,,229.70000000000027,125.15000000000032,54.484109708315266,31.690248149760595,76.05681323465392,2023-10-01
2023-11,all_active,154192,17230,8.949042367962855,243.87999999999965,104.66000000000008,42.914548138428835,28.964654748236825,56.27357716909954,274.6899999999996,144.98000000000002,52.77949688740043,43.73266227383606,61.8046707197205,363.4480000000003,233.30500000000006,64.19212652153811,60.71023227531857,67.69967780810462,,,,,,2023-11-01
2023-11,elite2000,22876,1161,19.703703703703702,243.87999999999965,155.5999999999999,63.80186977201908,47.30113170411671,79.69534197146154,274.6899999999996,212.01,77.18155011103437,67.35583748953376,86.9064217845572,,,,,,225.89999999999964,121.0,53.56352368304568,31.384462151394516,76.22841965471451,2023-11-01
2023-12,all_active,155412,17318,8.974015475228086,247.6800000000003,103.89999999999986,41.949289405684645,27.97117248062002,55.68556201550366,272.97999999999956,144.08000000000015,52.78042347424734,43.680306249542085,61.70442889588976,364.0790000000002,233.45849999999996,64.12303373718336,60.698509114779995,67.61062159586238,,,,,,2023-12-01
2023-12,elite2000,22928,1151,19.920069504778454,247.6800000000003,155.19999999999982,62.661498708010186,46.705022609819,78.48958333333329,272.97999999999956,212.04999999999995,77.67968349329631,67.84324858964031,87.34376144772536,,,,,,227.19999999999982,121.34999999999991,53.411091549295776,30.412632042253506,76.23349471831004,2023-12-01
2024-01,all_active,156971,17479,8.98054808627496,250.07999999999993,105.75999999999976,42.29046705054375,29.205054382597567,56.06485924504171,274.67999999999984,145.21499999999992,52.86697247706422,43.781582204747444,61.89465923984269,364.15700000000015,233.6869999999999,64.17204667217705,60.6625644982796,67.69556812034368,,,,,,2024-01-01
2024-01,elite2000,22920,1138,20.14059753954306,250.07999999999993,157.0,62.779910428662845,46.99216250799745,79.83125399872038,274.67999999999984,214.12999999999988,77.95616717635066,68.13938036988503,87.57517838939869,,,,,,229.60000000000036,121.45000000000005,52.89634146341457,31.44490418118454,76.61149825783944,2024-01-01
2024-02,all_active,159413,17643,9.03548149407697,251.63999999999987,106.96000000000004,42.50516611031636,28.815371165156577,55.98632967731688,273.82000000000016,145.05999999999995,52.97640785917751,43.49545321744206,62.05573004163318,362.433,234.37300000000005,64.66657285622448,61.01438748679071,68.0702157364258,,,,,,2024-02-01
2024-02,elite2000,22920,1150,19.930434782608696,251.63999999999987,158.1600000000003,62.8516928946115,46.795819424574894,78.5737561595932,273.82000000000016,212.69000000000005,77.67511503907673,67.64589876561242,87.78449346285872,,,,,,228.10000000000036,122.40000000000009,53.66067514248132,31.74046470846119,75.75624725997365,2024-02-01
2024-03,all_active,161185,17806,9.052285746377626,252.55999999999995,108.36000000000013,42.904656319290524,29.188707633829512,56.60476718403551,274.1700000000001,145.375,53.023671444724066,43.77211219316489,62.18805850384796,362.4190000000003,234.64750000000004,64.7448119441861,61.148442824465555,68.26405348505456,,,,,,2024-03-01
2024-03,elite2000,22915,1144,20.030594405594407,252.55999999999995,159.56000000000017,63.177066835603505,47.370921761165626,79.00221729490023,274.1700000000001,213.44000000000005,77.8495094284568,68.0525768683663,87.6290257869205,,,,,,228.9000000000001,123.5,53.953691568370445,31.410004368719996,76.54215814766263,2024-03-01
2024-04,all_active,163893,18573,8.824261024067194,252.67999999999984,107.08000000000015,42.377710938736826,28.905730568307742,55.834256767453084,274.9200000000001,144.18500000000017,52.44616615742766,43.72499272515641,61.28691983122353,362.5500000000002,231.54549999999995,63.86581161219137,60.4064335953661,67.27301751482555,,,,,,2024-04-01
2024-04,elite2000,23277,1181,19.70956816257409,252.67999999999984,158.76000000000022,62.8304574956468,46.88815893620376,77.61674845654584,274.9200000000001,212.82999999999993,77.41524807216639,67.98168558126002,87.06205441583,,,,,,229.5999999999999,123.10000000000014,53.614982578397296,31.748693379790993,75.35387630662026,2024-04-01
2024-05,all_active,164831,18710,8.80978086584714,253.23999999999978,106.70000000000027,42.133944084662915,28.052045490443856,55.77357447480665,275.30999999999995,145.0699999999997,52.69332752170271,43.691475064472776,61.988758127202026,362.97199999999975,231.93150000000014,63.89790397055428,60.32997035584028,67.4072724617877,,,,,,2024-05-01
2024-05,elite2000,23483,1213,19.359439406430337,253.23999999999978,157.67999999999984,62.26504501658505,46.120281156215384,78.44021481598486,275.30999999999995,212.20499999999993,77.0785659801678,67.31993026043375,87.16728415241003,,,,,,234.0,123.5,52.77777777777778,30.165598290598254,75.2564102564104,2024-05-01
2024-06,all_active,166820,19361,8.616290480863592,250.27999999999975,106.20000000000005,42.43247562729749,28.223190027169554,57.056496723669625,271.7199999999998,140.6099999999999,51.748123067863986,42.764610628588215,60.94168629471508,361.7909999999997,228.23699999999985,63.085317213529365,59.618992733373645,66.50312611424842,,,,,,2024-06-01
2024-06,elite2000,23648,1243,19.024939662107805,250.27999999999975,156.9000000000001,62.689787438069466,46.6517500399552,78.84009908902044,271.7199999999998,207.39499999999998,76.32673340203155,66.71058442514357,86.3574635654351,,,,,,234.70000000000027,127.89999999999964,54.49510012782254,32.03770771197281,76.35598636557312,2024-06-01
2024-07,all_active,166622,19247,8.657037460383437,250.27999999999975,106.23999999999978,42.44845772734533,28.27233498481712,56.960604123381856,271.75999999999976,140.32000000000016,51.63379452458062,42.792813511922226,60.583787165145885,361.76900000000023,228.62799999999993,63.19723359381256,59.790467121284564,66.73104246079684,,,,,,2024-07-01
2024-07,elite2000,23650,1243,19.02654867256637,250.27999999999975,156.0,62.33019018699063,45.48505673645527,77.97666613393002,271.75999999999976,206.97000000000003,76.1591109802768,66.26352296143659,85.79334707094506,,,,,,234.70000000000027,126.90000000000009,54.06902428632294,31.44333191308057,75.45803152961214,2024-07-01
2024-08,all_active,168282,19420,8.6653964984552,247.39999999999964,107.34000000000015,43.387227162490014,28.051333872271698,58.108730800323535,273.44000000000005,141.31499999999983,51.68044177881795,42.630833089526085,60.525526623756576,360.1779999999999,227.66750000000002,63.20971852806115,59.72499708477482,66.67666403833663,,,,,,2024-08-01
2024-08,elite2000,23822,1283,18.56742010911925,247.39999999999964,156.1199999999999,63.104284559418,46.51576394502851,78.75505254648341,273.44000000000005,205.135,75.0201141018139,65.83098668812177,84.38853130485663,,,,,,232.80000000000018,126.29999999999973,54.252577319587466,32.51610824742258,76.1597938144328,2024-08-01
2024-09,all_active,168684,19510,8.646027678113787,248.80000000000018,109.41999999999985,43.97909967845649,28.278536977491992,58.50522508038579,272.03999999999996,142.27999999999997,52.30113218644317,43.09127334215558,61.15681517423906,357.66600000000017,226.38549999999987,63.29522515419407,59.67120861362266,66.7994931025035,,,,,,2024-09-01
2024-09,elite2000,23886,1292,18.487616099071207,248.80000000000018,157.81999999999994,63.4324758842443,47.071945337620505,78.82797427652723,272.03999999999996,205.75,75.63225996177034,65.86522202617257,85.17534186149098,,,,,,235.29999999999973,127.80000000000018,54.313642158946166,32.21419464513398,75.43561410964735,2024-09-01
2024-10,all_active,169634,19646,8.634531202280362,250.2800000000002,111.65999999999985,44.614032283842,29.51893878855683,58.990330829471084,271.5,143.11500000000024,52.71270718232053,43.127071823204474,61.99281767955799,357.13200000000006,225.83750000000032,63.23642238724065,59.69404869908041,66.80751794854572,,,,,,2024-10-01
2024-10,elite2000,24037,1308,18.37691131498471,250.2800000000002,160.07999999999993,63.96036439188101,47.641841137925404,80.53659900910971,271.5,206.385,76.01657458563535,65.78591160220999,85.9229281767955,,,,,,241.0999999999999,132.9000000000001,55.122355868934115,33.262131895478994,78.01742015761094,2024-10-01
2024-11,all_active,170741,19777,8.633311422359306,250.96000000000004,110.97999999999979,44.222186802677626,28.752789289129684,58.94206248007653,274.52,143.94000000000005,52.43333819029581,43.29711860702321,61.39088226723,358.837,226.12300000000005,63.015519581314095,59.517461967411364,66.42775131884399,,,,,,2024-11-01
2024-11,elite2000,24062,1302,18.480798771121353,250.96000000000004,159.19999999999982,63.436404207841804,47.48087344596742,79.75812878546375,274.52,206.99500000000012,75.40252076351454,65.93964009908203,85.25080139880511,,,,,,239.0,129.0999999999999,54.016736401673604,30.878661087866178,76.57217573221759,2024-11-01
2024-12,all_active,172438,19921,8.65609156166859,251.44000000000005,112.11999999999989,44.59115494750233,29.319121858097454,59.40303849824994,273.2199999999998,144.04500000000007,52.72125027450413,43.539272381231285,61.76744015811446,356.65599999999995,225.30750000000012,63.172216365349286,59.72599647839931,66.62050407114981,,,,,,2024-12-01
2024-12,elite2000,24524,1313,18.67783701447068,251.44000000000005,161.01999999999998,64.03913458479158,47.85197263760743,80.40128857779203,273.2199999999998,208.0050000000001,76.13095673815981,66.47619134763202,85.8250677110021,,,,,,238.30000000000018,131.79999999999973,55.30843474611819,32.81263113722189,78.34976919848917,2024-12-01
2025-01,all_active,174469,20175,8.647781908302354,250.1600000000003,111.65999999999985,44.63543332267337,29.516309561880245,59.306843620083114,274.92999999999984,142.86499999999978,51.96413632561011,42.97030153129885,61.12119448586915,356.6109999999999,224.05050000000006,62.82770301533047,59.369207623993624,66.31965923653512,,,,,,2025-01-01
2025-01,elite2000,24660,1312,18.795731707317074,250.1600000000003,161.69999999999982,64.63863127598322,48.39982411256787,80.88303485769089,274.92999999999984,207.56999999999994,75.49921798275928,65.88513439784671,84.9125231877205,,,,,,236.19999999999982,131.5,55.67315834038954,32.938187976291374,78.96168501270117,2025-01-01
2025-02,all_active,176339,20305,8.684511204136912,250.07999999999993,111.88000000000011,44.7376839411389,29.65371081253994,59.24584133077412,274.78999999999996,143.1500000000001,52.09432657665858,43.42488809636448,61.399705229448045,356.2339999999999,224.2829999999999,62.95945923185321,59.35917121891781,66.49900065687156,,,,,,2025-02-01
2025-02,elite2000,24880,1319,18.862774829416225,250.07999999999993,162.80000000000018,65.09916826615493,47.9678502879079,80.72856685860515,274.78999999999996,208.56000000000017,75.89795844099137,65.95900505840825,85.32388369300196,,,,,,236.19999999999982,132.20000000000027,55.969517358171196,32.640770533446215,78.91617273497027,2025-02-01
2025-03,all_active,177704,20447,8.690957108622293,252.55999999999995,112.88000000000011,44.69433006018377,29.108726639214446,58.93253088375029,274.6699999999996,143.33500000000004,52.18443950922934,43.01716605381004,61.17531947427821,354.5479999999998,224.00200000000018,63.17959768493979,59.532489253923245,66.7167915204712,,,,,,2025-03-01
2025-03,elite2000,25063,1327,18.88696307460437,252.55999999999995,163.65999999999985,64.80044345898001,47.956921127652805,80.09265125118793,274.6699999999996,207.99,75.7235955874323,65.740433975316,85.03331270251586,,,,,,234.70000000000027,131.5,56.02897315722192,33.31700042607573,78.27119727311464,2025-03-01
2025-04,all_active,176957,20339,8.700378583017848,251.5999999999999,113.67999999999984,45.18282988871219,29.855325914149418,59.571144674085744,274.78999999999996,143.40999999999985,52.18894428472647,42.770206339386355,61.09401724953606,354.28200000000015,224.33950000000027,63.322296927306546,59.889826465922624,66.7453328139731,,,,,,2025-04-01
2025-04,elite2000,25021,1336,18.728293413173652,251.5999999999999,163.0,64.78537360890304,48.759141494435745,80.65182829888718,274.78999999999996,206.92499999999995,75.30295862294842,65.92970996033337,85.35681793369474,,,,,,234.0,131.25,56.08974358974359,33.289529914529766,78.2051282051282,2025-04-01
2025-05,all_active,177431,20215,8.777195152114766,251.67999999999984,113.69999999999982,45.176414494596266,30.241576605212945,59.53711061665617,276.5100000000002,144.7750000000001,52.357961737369344,43.09039456077538,61.25655491663953,351.8249999999998,225.8855000000001,64.2039366162155,60.67558445249765,67.6127051801322,,,,,,2025-05-01
2025-05,elite2000,25000,1338,18.684603886397607,251.67999999999984,163.10000000000014,64.80451366815014,48.85489510489498,80.91266687857598,276.5100000000002,208.22000000000025,75.30288235506856,65.98269502007149,84.9377056887635,,,,,,230.69999999999982,130.5999999999999,56.61031642826182,34.112483745123484,79.75726051148683,2025-05-01
2025-06,all_active,178574,20462,8.727103899912033,253.67999999999984,114.20000000000005,45.017344686218905,30.14821822768845,59.28886786502689,277.2800000000002,143.33999999999992,51.69503750721286,42.84099105597225,60.58154212348524,352.16899999999987,225.54650000000015,64.04496136797965,60.46821980356025,67.56881639212999,,,,,,2025-06-01
2025-06,elite2000,25044,1350,18.551111111111112,253.67999999999984,162.77999999999997,64.16745506149482,48.137417218543035,78.99873856827509,277.2800000000002,206.77999999999997,74.57443739180604,64.69985213502596,83.9334787939988,,,,,,229.79999999999973,130.54999999999995,56.81026979982599,33.41927763272404,78.50413402959107,2025-06-01
2025-07,all_active,180465,20731,8.70507934976605,254.44000000000005,114.79999999999995,45.11869202955508,30.450793900330137,58.96950165068383,278.19000000000005,143.88999999999987,51.72364211510113,42.75135698623252,60.699611776124264,351.7600000000002,224.86950000000002,63.92696725039796,60.39963327268588,67.33103536502146,,,,,,2025-07-01
2025-07,elite2000,25217,1367,18.446964155084125,254.44000000000005,161.41999999999962,63.44128281716694,48.05808835088829,78.79264266624743,278.19000000000005,205.99,74.04651497178186,64.5416801466624,83.86435529673953,,,,,,234.0999999999999,130.0999999999999,55.57454079453223,32.88765484835541,78.00085433575394,2025-07-01
2025-08,all_active,181304,20792,8.719892266256252,254.51999999999998,114.75999999999999,45.08879459374509,30.22080779506508,59.79883702655974,277.5999999999999,144.67999999999984,52.11815561959649,43.065201729106704,61.307907060518765,349.2330000000002,224.62249999999995,64.31880721466753,60.68108540716369,67.8992964582385,,,,,,2025-08-01
2025-08,elite2000,25268,1365,18.511355311355313,254.51999999999998,163.39999999999986,64.19927707056415,48.29482948294832,81.01799465660864,277.5999999999999,207.8800000000001,74.88472622478393,64.94173270893366,84.69425432276665,,,,,,237.20000000000027,133.5,56.281618887015114,33.009064080944384,79.17685497470488,2025-08-01
2025-09,all_active,183088,21065,8.691573700450984,254.24000000000024,113.96000000000004,44.82378854625548,29.76675582127115,58.55962869729389,276.4000000000001,144.07000000000016,52.12373371924751,42.89408465991313,61.006060057887225,348.4369999999999,223.15049999999997,64.04328472578975,60.45334594202111,67.50954261459033,,,,,,2025-09-01
2025-09,elite2000,25338,1357,18.672070744288874,254.24000000000024,162.70000000000005,63.99465072372558,48.07937382001246,80.12979861548129,276.4000000000001,207.5150000000001,75.07778581765558,65.27794862518081,84.58818740955141,,,,,,234.0999999999999,130.30000000000018,55.659974369927475,32.80542503203749,78.1311405382316,2025-09-01
2025-10,all_active,185164,21257,8.71073058286682,252.44000000000005,114.96000000000004,45.53953414672794,30.28006655046727,59.86372999524634,274.73,143.48000000000002,52.225821715866495,42.874185564008286,61.32248025333956,348.83500000000004,222.22299999999996,63.70433012742412,60.30912895781676,67.27643441741796,,,,,,2025-10-01
2025-10,elite2000,25591,1363,18.77549523110785,252.44000000000005,163.84000000000015,64.90255110125183,49.27665980034862,81.40152115354144,274.73,207.21000000000004,75.4231427219452,65.96603938412258,85.33141629963976,,,,,,229.5,132.95000000000005,57.93028322440089,34.160130718954285,81.48148148148148,2025-10-01
2025-11,all_active,187121,21464,8.717899739098025,254.1199999999999,117.67999999999984,46.308830473791865,30.803950889343533,60.444671808594364,273.6100000000001,142.7750000000001,52.18193779467125,42.849219692262615,61.53000621322331,348.663,222.34799999999996,63.77160754080586,60.14077346893713,67.32925489656199,,,,,,2025-11-01
2025-11,elite2000,25773,1381,18.662563359884142,254.1199999999999,166.18000000000006,65.39430190461205,48.63804501810184,81.04911065638287,273.6100000000001,206.2650000000001,75.38649903146815,65.1826504879207,84.90186762179731,,,,,,233.5,136.70000000000005,58.54389721627411,33.916488222698,80.72805139186295,2025-11-01
2025-12,all_active,188979,21774,8.679112703224028,251.84000000000015,113.80000000000018,45.18742058449814,30.892233163913644,59.75222363405334,272.69000000000005,141.82500000000005,52.00960797975724,43.09133081521148,61.21612453701999,347.1959999999999,221.0875000000001,63.67800896323694,60.06333598313347,67.171251972949,,,,,,2025-12-01
2025-12,elite2000,26034,1395,18.66236559139785,251.84000000000015,162.5400000000002,64.54097839898351,48.45894218551457,80.5273189326555,272.69000000000005,205.44499999999994,75.34012981774171,65.74067622575083,85.05134034984766,,,,,,234.0,133.69999999999982,57.13675213675206,33.76068376068376,79.91666666666669,2025-12-01
2026-01,all_active,189990,21935,8.661499886026897,251.55999999999995,114.15999999999985,45.38082366035931,30.830815709969777,59.81992367626017,271.40999999999985,141.11000000000013,51.991452046719054,42.48093290593559,60.9306952580966,345.828,220.3085000000001,63.70464508368325,60.19890668193436,67.34721451125993,,,,,,2026-01-01
2026-01,elite2000,26139,1414,18.485855728429986,251.55999999999995,163.3800000000001,64.94673238988716,48.52917792971871,80.87414533312136,271.40999999999985,203.86000000000013,75.11145499428918,65.33841789175058,85.13696989794049,,,,,,233.0,135.04999999999995,57.961373390557924,34.03433476394857,80.38733905579407,2026-01-01
2026-02,all_active,191743,22183,8.643691114817653,251.96000000000004,114.57999999999993,45.475472297189995,30.716383552944766,59.7563105254802,270.87999999999965,140.49500000000012,51.86613998818677,42.62007161842881,61.196839929119974,345.7170000000001,219.5659999999998,63.51032781147579,60.06031667519961,67.00239646878802,,,,,,2026-02-01
2026-02,elite2000,26255,1413,18.581033262561924,251.96000000000004,162.94000000000005,64.66899507858392,48.53071916177178,80.53897444038721,270.87999999999965,204.0699999999997,75.33594211458947,65.07955552274078,84.76825531600716,,,,,,234.5999999999999,134.29999999999995,57.2463768115942,34.22847399829506,80.2653452685421,2026-02-01
2026-03,all_active,208407,24302,8.575713933009629,248.12000000000035,114.59999999999991,46.18732871191349,30.98420119297114,60.939061744317115,270.00999999999976,140.08000000000015,51.8795600162958,42.753972075108386,61.086719010407094,343.67300000000023,218.15100000000007,63.476327788333656,59.82625926389338,67.13663133269115,,,,,,2026-03-01
2026-03,elite2000,26514,1431,18.528301886792452,248.12000000000035,162.27999999999975,65.40383685313539,49.3954538126712,81.36466226019662,270.00999999999976,203.55999999999995,75.38980037776383,65.62349542609542,84.87130106292362,,,,,,231.0,133.30000000000018,57.70562770562778,33.977272727272734,80.78030303030319,2026-03-01
2026-04,all_active,194192,22611,8.58838618371589,248.32000000000016,114.11999999999989,45.956829896907145,30.31531894329903,60.63184600515458,269.2199999999998,139.67499999999995,51.881360968724486,42.21417428125703,60.93900898893101,344.12699999999995,218.02700000000004,63.356551505694135,59.88029855256921,66.78123919366975,,,,,,2026-04-01
2026-04,elite2000,26296,1425,18.453333333333333,248.32000000000016,161.94000000000005,65.21423969072163,48.791478737113316,80.67090850515447,269.2199999999998,202.72999999999956,75.30272639476998,65.31256964564291,84.91976821930022,,,,,,232.9000000000001,133.54999999999995,57.34220695577497,33.36088449978523,79.39136968656076,2026-04-01
