fideid,sex,peak_rating,age_first_at_peak,age_last_at_peak,in_top25,in_top100
109878,F,2392,32,32,0,1
110973,M,2652,24,24,0,1
112275,M,2666,32,32,0,1
114987,M,2664,25,25,0,1
160911,F,2352,17,17,0,1
240990,M,2665,20,20,0,1
309095,M,2749,33,33,1,1
310204,M,2680,39,39,0,1
316385,M,2676,27,27,0,1
322750,F,2379,26,26,0,1
358878,M,2677,24,24,0,1
400025,M,2698,52,52,0,1
400041,M,2761,46,46,1,1
400173,M,2694,46,48,0,1
403512,F,2449,38,38,0,1
404853,M,2688,35,35,0,1
405094,F,2430,39,39,0,1
409561,M,2709,32,32,0,1
410608,M,2712,25,25,0,1
497592,F,2366,11,11,0,1
505161,F,2367,16,16,0,1
603767,M,2654,40,42,0,1
605506,M,2728,34,34,0,1
608742,M,2712,34,34,0,1
617822,F,2496,29,29,1,1
618438,M,2662,43,43,0,1
623539,M,2819,26,26,1,1
623725,F,2418,38,38,0,1
633429,M,2658,29,29,0,1
639370,F,2430,31,31,0,1
642908,M,2686,27,27,0,1
662399,M,2659,26,26,0,1
675946,F,2373,26,26,0,1
700070,F,2675,39,39,1,1
702293,M,2707,41,41,0,1
703303,M,2714,36,36,0,1
705136,F,2363,40,40,0,1
709751,F,2385,34,36,0,1
712779,M,2668,26,26,0,1
717444,F,2383,36,36,0,1
718572,M,2681,34,34,0,1
718939,M,2659,28,28,0,1
723894,F,2372,37,37,0,1
738590,M,2776,26,26,1,1
739049,F,2378,24,24,0,1
750930,F,2389,15,15,0,1
777765,F,2425,17,17,0,1
822590,F,2400,25,25,0,1
908550,F,2406,44,45,0,1
911925,M,2661,30,30,0,1
912417,M,2665,39,39,0,1
913553,F,2381,18,18,0,1
921637,M,2673,34,34,0,1
930849,M,2655,29,29,0,1
932400,F,2474,25,25,1,1
937266,F,2388,27,27,0,1
950122,M,2639,23,23,0,1
1000268,M,2696,44,44,0,1
1004786,F,2386,49,49,0,1
1007998,M,2651,38,38,0,1
1017292,F,2391,23,23,0,1
1020854,M,2658,24,25,0,1
1039784,M,2736,27,27,1,1
1048104,M,2679,24,24,0,1
1051563,F,2367,18,18,0,1
1058401,F,2421,17,17,0,1
1106619,F,2485,39,39,1,1
1106686,F,2406,37,37,0,1
1108166,F,2409,34,34,0,1
1112635,M,2660,39,39,0,1
1113100,M,2671,54,55,0,1
1116207,M,2654,30,30,0,1
1118358,M,2750,30,31,1,1
1121979,F,2391,27,27,0,1
1122320,F,2449,30,30,0,1
1122681,F,2431,32,32,0,1
1126881,M,2670,25,25,0,1
1130420,M,2685,25,25,0,1
1131044,F,2415,32,32,0,1
1150677,F,2380,23,23,0,1
1154613,F,2429,23,23,0,1
1159569,F,2399,22,22,0,1
1170546,M,2760,23,24,1,1
1197576,F,2393,19,19,0,1
1201930,F,2434,37,37,0,1
1202758,M,2687,40,41,0,1
1204297,M,2657,39,39,0,1
1207822,M,2660,37,37,0,1
1210246,F,2379,30,30,0,1
1212915,F,2369,28,28,0,1
1226380,M,2710,21,21,0,1
1400355,M,2655,42,42,0,1
1444948,M,2655,21,21,0,1
1503014,M,2882,29,29,1,1
1503707,M,2705,26,26,0,1
1510045,M,2672,23,23,0,1
1512668,M,2664,27,27,0,1
1607456,F,2442,33,34,0,1
1610856,M,2703,29,29,0,1
1700030,F,2524,52,52,1,1
1710400,M,2694,26,26,0,1
2000024,M,2691,41,41,0,1
2004887,M,2731,28,28,1,1
2012782,F,2477,32,32,1,1
2016192,M,2816,28,38,1,1
2020009,M,2842,28,28,1,1
2021285,M,2654,30,30,0,1
2023970,M,2704,29,29,0,1
2040506,M,2703,22,22,0,1
2047640,M,2712,19,20,0,1
2053900,F,2392,18,18,0,1
2056437,M,2719,23,23,1,1
2078341,F,2379,16,16,0,1
2080788,F,2394,22,22,0,1
2090732,F,2486,23,23,1,1
2093596,M,2738,22,22,1,1
2205530,M,2721,38,38,0,1
2209390,M,2715,43,43,0,1
2219026,F,2427,30,31,0,1
2257327,M,2662,25,25,0,1
2285525,M,2703,25,25,0,1
2293307,M,2680,26,26,0,1
2620472,F,2386,22,22,0,1
2801990,M,2687,48,48,0,1
2802007,M,2689,40,40,0,1
2804344,M,2673,35,35,0,1
2805677,M,2751,47,47,1,1
2806851,M,2710,27,27,0,1
2809052,M,2697,28,28,0,1
2810964,F,2470,27,27,1,1
2837137,F,2362,17,17,0,1
2900084,M,2816,40,40,1,1
2902257,F,2533,38,38,1,1
2905540,M,2718,32,32,0,1
2907763,F,2389,29,29,0,1
2915138,F,2449,21,21,0,1
2915405,F,2372,20,20,0,1
2922029,F,2350,18,18,0,1
2924056,F,2362,20,20,0,1
3503240,M,2763,36,36,1,1
3503739,M,2681,34,34,0,1
3506940,F,2415,30,30,0,1
3600270,F,2369,39,41,0,1
3700488,M,2662,28,28,0,1
3800024,M,2699,49,49,0,1
3801497,M,2660,25,25,0,1
3801934,F,2435,23,23,0,1
3802272,M,2689,23,24,0,1
3805662,M,2667,26,27,0,1
3824675,F,2349,18,18,0,1
3901211,M,2673,28,28,0,1
4000510,F,2375,51,51,0,1
4100107,M,2677,50,50,0,1
4100123,F,2403,22,22,0,1
4100140,M,2675,49,50,0,1
4101588,M,2817,41,41,1,1
4102142,M,2768,42,42,1,1
4108116,M,2647,30,30,0,1
4113403,M,2679,40,41,0,1
4115309,M,2702,41,41,0,1
4116704,F,2467,42,42,0,1
4116992,M,2711,38,38,0,1
4118987,M,2707,40,40,0,1
4119827,F,2380,51,53,0,1
4120787,M,2722,37,37,0,1
4120876,F,2426,36,36,0,1
4121830,M,2680,38,38,0,1
4122356,M,2759,32,32,1,1
4125029,M,2671,31,32,0,1
4126025,M,2788,34,34,1,1
4127714,F,2387,41,42,0,1
4127951,F,2379,34,34,0,1
4128125,F,2561,34,34,1,1
4129199,M,2658,31,31,0,1
4129725,F,2475,43,44,1,1
4130189,F,2468,35,35,1,1
4131827,F,2383,35,35,0,1
4132190,F,2431,36,36,0,1
4133471,F,2475,29,30,1,1
4134974,F,2489,30,30,1,1
4135539,M,2715,22,22,0,1
4138147,M,2651,30,30,0,1
4139518,F,2393,46,46,0,1
4142578,M,2654,31,31,0,1
4147103,F,2611,23,23,1,1
4147235,M,2758,28,28,1,1
4147855,F,2497,31,31,1,1
4149351,F,2444,31,31,0,1
4150120,M,2673,28,28,0,1
4151348,M,2662,25,25,0,1
4152956,M,2751,32,32,1,1
4157800,M,2662,33,33,0,1
4158814,M,2743,26,29,1,1
4160258,M,2679,31,32,0,1
4162340,F,2376,33,33,0,1
4162722,M,2732,31,31,1,1
4164083,F,2391,29,29,0,1
4166299,F,2418,34,35,0,1
4167570,F,2548,26,26,1,1
4168003,M,2738,26,26,1,1
4168119,M,2795,33,33,1,1
4170350,M,2661,25,25,0,1
4173708,M,2676,28,28,0,1
4180917,F,2398,25,25,0,1
4181751,F,2479,24,24,1,1
4182146,F,2427,22,22,0,1
4189302,M,2712,29,30,0,1
4194985,M,2660,23,23,0,1
4195752,F,2505,26,26,1,1
4196872,F,2434,23,23,0,1
4198026,F,2505,29,29,1,1
4199758,M,2657,20,20,0,1
4201345,M,2652,41,41,0,1
4262875,M,2656,25,25,0,1
4264312,F,2479,25,26,1,1
4500512,F,2421,25,25,0,1
4623614,F,2366,46,46,0,1
4641833,F,2513,33,33,1,1
4650891,M,2736,33,33,1,1
4657101,M,2651,25,25,0,1
4671660,F,2397,57,57,0,1
4675789,M,2664,29,29,0,1
4690745,F,2366,32,32,0,1
4900758,F,2448,28,28,0,1
4900782,F,2490,16,16,1,1
4900839,F,2412,30,30,0,1
4901878,F,2386,17,17,0,1
4902831,F,2350,20,20,0,1
5000017,M,2816,46,46,1,1
5002150,M,2676,33,33,0,1
5004098,F,2393,37,38,0,1
5004985,M,2688,36,36,0,1
5007003,M,2770,30,30,1,1
5007844,F,2431,30,30,0,1
5008123,F,2589,28,28,1,1
5010608,M,2654,27,27,0,1
5012600,F,2425,29,29,0,1
5013623,F,2361,33,33,0,1
5015197,F,2543,25,25,1,1
5016193,F,2428,29,29,0,1
5016690,M,2670,23,24,0,1
5018471,M,2701,27,27,0,1
5019516,F,2429,27,27,0,1
5021596,M,2673,25,25,0,1
5029295,F,2444,21,21,0,1
5029465,M,2747,30,30,1,1
5050847,F,2380,26,29,0,1
5058422,M,2695,26,26,0,1
5061245,M,2652,24,24,0,1
5072786,M,2749,26,26,1,1
5074452,M,2669,26,26,0,1
5084423,M,2641,22,23,0,1
5091756,F,2506,23,23,1,1
5202213,M,2822,24,24,1,1
6302599,F,2364,26,26,0,1
6302718,M,2665,31,32,0,1
6302920,F,2370,28,28,0,1
7101570,F,2417,18,18,0,1
7101937,F,2432,24,24,0,1
7111541,F,2352,18,18,0,1
8600201,F,2406,19,19,0,1
8600406,F,2389,49,50,0,1
8600546,F,2424,41,41,0,1
8600643,F,2374,37,37,0,1
8601160,M,2713,32,32,0,1
8601283,F,2533,30,30,1,1
8601429,M,2737,29,29,1,1
8601445,M,2731,34,34,1,1
8602425,F,2381,34,34,0,1
8602689,F,2457,29,29,0,1
8602727,F,2491,28,28,1,1
8602883,M,2763,31,32,1,1
8602972,F,2439,24,28,0,1
8602980,F,2683,21,21,1,1
8603006,F,2604,26,26,1,1
8603154,M,2666,31,31,0,1
8603162,F,2479,27,28,1,1
8603219,F,2378,26,26,0,1
8603332,M,2647,30,30,0,1
8603405,M,2763,25,25,1,1
8603642,F,2561,33,34,1,1
8603677,M,2816,26,26,1,1
8603820,M,2765,24,24,1,1
8604002,F,2447,21,21,0,1
8604070,F,2426,24,26,0,1
8604436,M,2758,27,27,1,1
8605114,F,2569,28,29,1,1
8606161,F,2394,27,27,0,1
8608059,F,2579,23,24,1,1
8608466,F,2450,20,20,0,1
8610835,F,2381,24,24,0,1
8614300,F,2454,20,21,1,1
8614750,F,2387,18,19,0,1
8615250,F,2366,24,24,0,1
8618020,F,2452,15,15,1,1
8620946,F,2363,15,15,0,1
9301348,M,2690,28,29,0,1
10601457,M,2712,31,31,0,1
11600098,M,2686,58,58,0,1
11601876,F,2358,29,30,0,1
12400149,F,2474,36,36,1,1
12401102,F,2410,30,31,0,1
12401110,M,2662,25,25,0,1
12401137,M,2741,33,33,1,1
12401226,F,2395,36,37,0,1
12401838,F,2425,25,25,0,1
12500330,F,2405,18,18,0,1
12502014,F,2372,28,28,0,1
12505951,F,2376,31,31,0,1
12512214,F,2494,23,24,1,1
12521213,M,2718,23,23,1,1
12528897,F,2373,22,22,0,1
12539929,M,2742,23,23,1,1
12573981,M,2804,18,19,1,1
12576468,M,2640,19,19,0,1
12801259,F,2542,34,35,1,1
12802859,F,2470,29,29,1,1
12900460,F,2369,23,23,0,1
12909572,M,2659,25,25,0,1
12923044,M,2671,21,21,0,1
12940690,M,2776,21,22,1,1
13300032,M,2675,45,46,0,1
13300210,F,2474,37,37,0,1
13300474,M,2809,35,35,1,1
13300580,M,2673,34,34,0,1
13300601,F,2451,33,33,0,1
13300881,M,2711,39,39,0,1
13301004,M,2666,26,26,0,1
13301527,M,2660,31,31,0,1
13301918,F,2407,37,37,0,1
13302485,M,2671,27,27,0,1
13302507,M,2650,28,28,0,1
13302531,M,2650,31,31,0,1
13306553,M,2708,23,23,0,1
13306677,M,2635,24,24,0,1
13306766,M,2669,23,23,0,1
13308130,F,2405,19,19,0,1
13310828,F,2381,19,19,0,1
13400924,M,2767,32,32,1,1
13401319,M,2820,33,33,1,1
13401378,M,2668,36,36,0,1
13401521,F,2367,35,35,0,1
13401653,M,2709,29,30,0,1
13402129,M,2694,24,24,0,1
13402951,F,2364,23,23,0,1
13402960,M,2679,28,28,0,1
13403052,F,2450,30,30,1,1
13403508,F,2401,26,26,0,1
13403729,F,2483,22,22,1,1
13406396,F,2404,23,23,0,1
13413015,F,2412,21,21,0,1
13413937,M,2653,21,21,0,1
13502956,M,2671,27,27,0,1
13504398,M,2703,25,25,0,1
13505211,F,2408,20,20,0,1
13509926,F,2453,19,20,0,1
13600079,F,2462,60,61,1,1
13600168,F,2386,51,51,0,1
13600320,F,2432,40,40,0,1
13600656,F,2374,39,39,0,1
13601377,F,2423,38,39,0,1
13601431,F,2379,33,33,0,1
13601458,F,2497,32,32,1,1
13601520,M,2714,34,34,0,1
13601903,F,2573,28,28,1,1
13602055,F,2368,31,32,0,1
13602446,F,2456,28,28,0,1
13602640,F,2521,27,27,1,1
13602888,F,2390,25,25,0,1
13602993,F,2528,31,31,1,1
13603434,F,2372,27,27,0,1
13603620,F,2374,25,26,0,1
13604040,F,2466,30,30,1,1
13700090,F,2519,24,24,1,1
13702661,M,2658,32,32,0,1
13703544,F,2507,21,21,1,1
13704788,F,2394,27,27,0,1
13708694,F,2516,22,22,1,1
13712799,F,2379,20,20,0,1
13712802,F,2427,17,17,0,1
13719688,F,2383,20,20,0,1
13729390,F,2443,19,19,0,1
13730096,F,2344,16,16,0,1
13900048,M,2659,45,45,0,1
13900145,F,2461,40,40,0,1
13903063,F,2453,27,27,0,1
14100010,M,2752,48,48,1,1
14100126,F,2442,23,23,0,1
14101025,M,2685,42,42,0,1
14101181,F,2450,43,43,0,1
14101513,F,2489,37,37,1,1
14101572,F,2478,37,37,1,1
14101602,F,2478,27,27,1,1
14101610,F,2397,38,38,0,1
14102145,F,2397,44,44,0,1
14102463,F,2420,42,44,0,1
14102536,M,2664,34,34,0,1
14102560,M,2710,35,35,0,1
14102951,M,2765,33,33,1,1
14103320,M,2715,33,33,0,1
14104652,F,2396,37,37,0,1
14105730,M,2713,30,31,0,1
14107090,M,2687,36,36,0,1
14107201,M,2665,31,31,0,1
14109182,M,2717,29,29,0,1
14109336,F,2563,33,33,1,1
14109530,M,2690,35,35,0,1
14109603,M,2785,26,27,1,1
14110911,F,2472,32,32,1,1
14111330,F,2587,27,27,1,1
14112035,F,2367,34,34,0,1
14112906,M,2699,27,27,0,1
14113147,M,2685,28,28,0,1
14113414,F,2345,36,36,0,1
14114550,F,2563,24,27,1,1
14116731,M,2665,25,25,0,1
14117258,F,2388,28,28,0,1
14117479,F,2359,32,32,0,1
14117908,M,2702,27,27,0,1
14118084,M,2692,26,26,0,1
14123622,F,2437,22,22,0,1
14126869,F,2377,19,19,0,1
14129574,M,2694,21,21,0,1
14159899,F,2353,20,20,0,1
14199220,F,2354,18,18,0,1
14200244,M,2704,36,37,0,1
14203626,F,2446,20,20,0,1
14203987,M,2691,23,24,0,1
14204118,M,2783,20,20,1,1
14204223,M,2681,22,22,0,1
14204487,F,2373,23,23,0,1
14205483,M,2745,21,21,1,1
14210363,F,2358,20,20,0,1
14210444,F,2423,17,17,0,1
14506688,M,2643,36,36,0,1
14508150,M,2703,29,29,0,1
14603853,M,2662,30,30,0,1
14609215,F,2407,22,22,0,1
14900866,F,2391,38,38,0,1
24101605,M,2761,21,21,1,1
24107581,M,2696,26,26,0,1
24112798,M,2653,22,22,0,1
24116068,M,2798,21,22,1,1
24125890,M,2687,26,26,0,1
24126055,M,2720,25,26,1,1
24130737,M,2739,30,30,1,1
24131423,M,2657,28,28,0,1
24133795,M,2717,24,24,1,1
24153648,F,2364,16,16,0,1
24157570,F,2468,24,24,1,1
24171760,F,2516,20,21,1,1
24173606,F,2370,18,18,0,1
24173770,F,2393,23,23,0,1
24174041,F,2411,19,19,0,1
24175439,M,2723,20,20,1,1
24603295,M,2684,25,25,0,1
24606812,F,2449,29,29,0,1
24633569,F,2370,21,21,0,1
24651516,M,2698,29,29,0,1
24670057,F,2376,22,22,0,1
25049615,F,2355,22,22,0,1
25050389,F,2435,21,21,0,1
25059530,M,2785,20,20,1,1
25060783,M,2657,20,20,0,1
25073230,F,2381,20,20,0,1
25092340,M,2723,22,22,1,1
25978985,F,2353,14,14,0,1
29941482,F,2347,14,14,0,1
30920019,M,2652,16,16,0,1
30929849,F,2375,16,16,0,1
30941822,F,2415,17,17,0,1
30951011,F,2390,17,17,0,1
30952530,F,2381,17,17,0,1
30953499,M,2635,16,16,0,1
32084030,F,2435,17,17,0,1
34127035,F,2477,21,21,1,1
34189030,M,2632,19,19,0,1
35006916,F,2510,21,21,1,1
35009192,M,2801,21,22,1,1
35028561,M,2643,19,19,0,1
35028600,M,2633,20,20,0,1
35061887,F,2435,15,15,0,1
35093487,M,2681,20,20,0,1
42529271,F,2342,15,16,0,1
44155573,M,2678,19,19,0,1
44507356,M,2652,17,17,0,1
44599790,M,2687,15,15,0,1
45075204,F,2444,17,18,0,1
45100446,F,2374,18,18,0,1
46616543,M,2794,18,18,1,1
54113075,F,2350,20,20,0,1
54180058,F,2440,17,17,0,1
